ID,URL,label
1,https://www.southbankmosaics.com,1
2,https://www.uni-mainz.de,1
3,https://www.voicefmradio.co.uk,1
5,https://www.rewildingargentina.org,1
6,https://www.globalreporting.org,1
7,https://www.saffronart.com,1
8,https://www.nerdscandy.com,1
10,https://www.aap.org,1
11,https://www.religionenlibertad.com,1
12,http://www.teramill.com,0
13,https://www.socialpolicy.org,1
15,https://www.bulgariaski.com,1
16,https://www.brightika.com,1
18,https://www.funzine.hu,1
19,https://www.dixxon.com,1
20,https://www.ooty.ind.in,1
23,https://www.cryptocompare.com,1
24,https://www.diariodealmeria.es,1
25,https://www.town.minamichita.lg.jp,1
26,https://www.bwresearch.com,1
27,https://www.musicvideoproduction.guru,1
31,https://www.landed.com,1
34,https://www.bikeseoul.com,1
36,https://www.ibeani.co.uk,1
37,https://www.metroretrovintage.com,1
38,http://www.ooguy.com,0
39,https://www.vysor.io,1
40,http://www.fairytalesinc.com,0
44,https://www.recettessimples.fr,1
47,https://www.ainewsletter.com,1
48,https://www.marrugeku.com.au,1
49,https://www.sweatdrop.com,1
52,https://www.senacases.com,1
54,https://www.vespatales.com,1
56,https://www.klerk.ru,1
57,https://www.karenmillen.com,1
59,https://www.mlpack.org,1
60,https://metafb-tvz6efk.web.app/,0
62,https://www.schmitzfotografia.com.br,1
63,https://www.lanereport.com,1
64,https://www.spg.pt,1
65,https://www.coraevans.com,1
66,https://www.torahmates.org,1
67,https://www.larepublica.co,1
68,https://www.pimpim.lt,1
70,http://www.cjplogger.com,0
71,https://www.radware.com,1
72,http://www.erlegen.de,0
75,https://www.classfmonline.com,1
76,https://www.cornerstoneinsurance.ca,1
79,https://www.medicalplasticsnews.com,1
80,https://www.gitguardian.com,1
82,https://www.crowncenter.com,1
85,https://www.dancetheyard.org,1
89,https://www.frdc.com.au,1
90,https://www.lukul.sk,1
94,https://www.scandlines.dk,1
95,https://www.hskonline.com,1
97,https://www.tileandstonejournal.com,1
98,https://www.c.line-design.fr,1
99,https://www.capeblancoheritagesociety.com,1
100,https://www.caterinaperez.com,1
103,https://www.aqr.com,1
106,https://www.poundingtherock.com,1
107,https://www.kellerberrin.wa.gov.au,1
108,https://www.stadtgarten.de,1
111,https://www.ytv.co.jp,1
113,https://www.spket.com,1
114,https://www.americanauctioneers.com,1
116,https://www.heramission.space,1
117,https://www.circlek.org,1
118,https://www.gunsmokenet.com,1
119,https://www.bocajnarima.com,1
120,https://www.raw-health-coach.com,1
123,https://www.estamos.de,1
128,https://www.ackerstadtpalast.de,1
129,https://www.mro.nmt.edu,1
131,https://www.shopfiire.com,1
132,https://www.doc88.com,1
134,https://www.hee.nhs.uk,1
135,https://www.secondgeargames.com,1
137,https://www.dslweb.de,1
140,https://www.021.rs,1
141,https://www.brainy.games,1
142,https://www.irgendwie-nerdig.de,1
143,https://www.peachstatearchaeologicalsociety.org,1
144,https://www.jazzmasters.nl,1
146,https://www.londondesignbiennale.com,1
149,https://www.leonardodavinci.net,1
151,https://www.art.yale.edu,1
153,https://www.isuog.org,1
154,https://www.hostmaster.ua,1
155,https://www.bigconstrutora.com.br,1
156,https://www.iain-ternate.ac.id,1
158,https://www.colorii.com,1
160,https://www.elcalifa.com.mx,1
161,https://www.art-it.asia,1
164,https://www.zomoplus.store,1
165,https://www.drskinhealth.com,1
167,https://www.lovebeehive.com,1
169,https://www.cieletespace.fr,1
170,https://www.nataschavonhirschhausen.com,1
171,https://www.borizcustomsportsjerseys.com,1
172,https://www.virtualcohen.com,1
175,https://www.ecseonline.com,1
176,https://www.kerstopkeukenhof.nl,1
177,https://www.wp-amazon-plugin.com,1
178,https://www.acc.co.nz,1
179,https://www.noticiasdealava.eus,1
183,https://www.energy-community.org,1
184,https://www.tcdsu.org,1
185,https://www.biomagazin.de,1
187,https://www.interislander.co.nz,1
188,https://www.reflectionofsanity.com,1
189,https://www.fernandoalonso.com,1
190,https://www.acsa-arch.org,1
192,https://www.7marvels.co.uk,1
193,https://www.secrethitler.com,1
196,https://www.kiteman.co.uk,1
202,https://www.mapsalud.com,1
203,https://www.rakennuslehti.fi,1
204,https://www.psd-dude.com,1
206,https://www.shoppersshop.com,1
207,https://www.extensionmethod.net,1
208,https://www.ireallytrade.com,1
209,https://www.broesels-buecherregal.de,1
211,https://www.grundeinkommen.ch,1
215,https://www.esurranty.com,1
216,https://www.hallekis.com,1
217,http://www.fgurb.cannca.shop,0
218,https://www.observatoryoc.com,1
219,https://www.creamwine.com,1
221,https://www.narcissisticabuserehab.com,1
222,https://www.mercatus.com,1
223,https://www.dellsramada.com,1
224,https://www.zadar.hr,1
225,https://www.discovershelby.com,1
226,https://www.enowsoftware.com,1
227,https://www.securitywatchplatform.com,1
228,http://www.bsd.fbcode.co,0
229,https://www.muas.cz,1
230,https://www.pidgin.im,1
231,https://www.elron.ee,1
232,https://www.bischberg.de,1
236,https://www.squirrelsave.com.sg,1
237,https://www.ajman.travel,1
238,http://www.madpath.com,0
239,https://www.ccm.or.tz,1
240,https://www.dadivosa.com.br,1
242,https://www.1stsource.com,1
249,https://www.mtwilson.edu,1
251,https://www.selectiveasia.com,1
255,https://www.imidaily.com,1
256,https://www.beppedepalma.com,1
258,https://www.christianheadlines.com,1
259,https://www.concretonline.com,1
262,https://www.areadevelopment.com,1
263,https://www.childbrides.org,1
264,https://www.pureecoinc.com,1
265,https://www.siia.net,1
268,https://www.cerise.tokyo,1
270,https://www.foodnavigator.com,1
272,https://www.mamiworks.com,1
273,http://www.wifizone.org,0
274,https://www.arthurveterinaryclinic.com,1
275,https://www.thecomfortcompany.com,1
277,https://www.stir.ac.uk,1
279,https://www.discoverbristol.co.uk,1
281,https://www.openautoalliance.net,1
282,https://www.grossi.com.au,1
283,https://www.plainfeld.salzburg.at,1
284,https://www.lesaffaires.com,1
289,https://www.meccanoindex.co.uk,1
290,https://www.thetoc.gr,1
294,http://www.mw.lt,0
295,https://www.edisonlearning.com,1
297,https://www.tiffany.com,1
298,https://www.poppinsonmackinac.com,1
301,https://www.nssz.ru,1
303,https://www.visual-home.es,1
305,https://www.scottishmaritimemuseum.org,1
306,https://www.paygo.lk,1
309,http://www.na1.player1532.com,0
310,https://www.kurzurlaub.de,1
311,https://www.grpva.com,1
314,https://www.climate.com,1
317,https://www.rewildingchile.org,1
322,https://www.wcs.k12.va.us,1
323,https://www.jaysonjewelers.com,1
324,http://www.thenaijatimes.com,0
325,https://www.paulox.net,1
326,https://www.ci.quartzsite.az.us,1
327,https://www.videogameconsolelibrary.com,1
328,https://www.abmp.com,1
329,https://www.satcentrum.com,1
331,https://www.ladbs.org,1
332,https://www.phenoapps.org,1
333,https://www.faewood.com,0
339,https://www.appliancerepairhoboken.com,1
341,https://www.driv.de,1
342,https://www.lathiskitchen.org,1
343,http://www.tradeadspace.info,0
344,https://www.michaelsnewyork.com,1
347,https://www.wise-qatar.org,1
349,https://www.deathmetal.org,1
350,https://www.lighthouse-fotografie.de,1
351,https://www.bitcliq.com,1
355,https://www.deroosschoenen.nl,1
356,https://www.caminitospanishschool.com,1
358,https://www.eggcreatives.com,1
360,https://www.lambmessianicmusic.com,1
362,https://www.interior.gob.cl,1
364,https://www.ernstings-family.de,1
365,https://www.toa.jp,1
367,https://www.primitivourbano.com.ar,1
370,https://www.visus.uni-stuttgart.de,1
372,http://www.hujgsks.com,0
373,https://www.bojeux.com,1
380,https://www.affenknecht.com,1
381,https://www.qlife.org.au,1
382,https://tiny.one/ing9488,0
384,https://www.toshiba.co.uk,1
385,https://www.dermala.com,1
386,https://www.panitikan.com.ph,1
388,https://roundcube-updatealx.web.app/,0
390,https://www.thebostoncalendar.com,1
391,https://www.mckinley.com,1
392,https://www.wrapsnet.org,1
393,https://www.peasholmpark.com,1
396,https://www.boortmalt.com,1
397,https://www.pwc.com.tr,1
399,https://www.c7f.navy.mil,1
402,http://43.134.167.94/servicelogin?passive=1209600&amp;continue=https://accounts.google.com/?&amp;xrealip=107.178.232.242&amp;followup=https://accounts.google.com/?&amp;xrealip=107.178.232.242,0
405,https://www.grantpud.org,1
406,https://www.military-aerospace-technology.com,1
407,https://www.cleancss.com,1
408,https://www.computerwoche.de,1
409,https://www.stlbouncehouse.com,1
410,https://www.decohuso.com,1
412,https://www.hockinghills.com,1
414,http://www.lkj.welco.live,0
415,https://www.prophecyfilm.com,1
418,https://www.repstl.org,1
419,https://www.downtowndayton.org,1
420,https://www.webyeshiva.org,1
423,https://www.asapcreditrepairusa.com,1
426,https://www.cfodive.com,1
427,https://www.feistylifemedia.com,1
429,https://www.universalpictures.co.uk,1
430,https://www.mydorchester.org,1
431,https://www.cmpe.boun.edu.tr,1
433,https://www.lapresse.ca,1
435,https://www.duetorribologna.com,1
436,http://www.clinicafresa20.com,0
437,https://www.spr.ac.uk,1
438,https://www.justuno.com,1
442,https://www.matthieuricard.org,1
447,https://www.nacwa.org,1
448,https://www.komunikacja.bialystok.pl,1
449,https://www.ipek.kit.edu,1
451,https://www.balkaninstitut.com,1
452,https://www.victoriastainow.com,1
455,https://www.consejopublicitario.org,1
458,https://www.cctt.ca,1
460,https://www.moltengl.com,1
462,https://www.presstv.ir,1
464,https://www.cowboysrideforfree.com,1
465,https://www.fondoitalia.it,1
466,https://www.eriercd.org,1
468,https://www.eastlothianmuseums.org,1
471,https://www.panicstream.com,1
472,https://www.paragraf.rs,1
473,https://www.radicalteatowel.com,1
474,https://www.marrontreks.com,1
477,https://www.sheepsheadbites.com,1
479,https://www.qrcode.com,1
481,https://is.gd/bhb74h,0
482,http://www.keliweb.it,0
488,https://www.egorodriguez.com,1
489,https://www.ordinedimaltaitalia.org,1
490,https://www.circularcityfundingguide.eu,1
492,https://www.redbaycoffee.com,1
496,https://www.sommer-informatik.de,1
497,https://www.conseil-constitutionnel.fr,1
500,https://www.beverageonline.com,1
501,https://www.cxmagazine.com,1
503,https://www.lifesongmilestones.com,1
504,https://www.charlescitypress.com,1
505,https://www.kladionicabet.com,1
506,https://www.monumentale-israelitico.it,1
510,https://www.mozaikmuzeumtura.hu,1
511,https://www.fatcatsoftware.com,1
513,https://www.nma-fallout.com,1
516,https://poscaro.firebaseapp.com/,0
517,https://www.sudawb.org,1
519,https://www.percheron-france.org,1
521,https://www.pizzagirlpatrol.com,1
525,https://www.incombinatie.nl,1
527,https://www.cutbankpioneerpress.com,1
528,https://www.giant-grenoble.org,1
530,https://www.pgh2o.com,1
534,https://www.cilc.org,1
536,https://www.coinsofmalta.com,1
537,https://www.cmsreview.com,1
539,https://www.hodnoceniher.cz,1
540,https://www.breck-mckye.com,1
541,https://www.ausflag.com.au,1
543,https://www.unboxingthebizarre.com,1
544,https://www.alpinejs.dev,1
545,https://www.kappa.com,1
546,https://www.onotone.com,1
550,https://www.schulenburgsticker.com,1
551,https://www.nmsu.edu,1
553,https://www.kotka.fi,1
554,https://www.good-package.com,1
555,https://www.agriculture-environnement.fr,1
558,https://www.confessionsofaconfectionista.com,1
561,http://greglindbergnews-staging.org/.well-known/,0
562,https://www.todmorden.org.uk,1
563,https://www.kohei.us,1
565,https://www.admanmedia.com,1
567,https://www.ctainc.com,1
568,https://www.gesafety.com,1
571,https://www.mlanet.org,1
572,https://www.thescope.ca,1
574,https://www.easternherald.com,1
578,https://www.mk-pskov.ru,1
579,https://www.shaivism.net,1
582,https://www.adangel.org,1
585,https://www.leonardocompany-us.com,1
586,https://www.waynemadsenreport.com,1
588,http://www.glassesofwine.com,0
590,https://www.artebambini.it,1
592,https://www.portkemblatiles.com.au,1
595,https://www.muzeum-kunovice.cz,1
596,https://www.rotax-kart.com,1
597,https://www.dgcv.com.ar,1
598,https://www.mind-and-brain.de,1
599,https://www.tusenfryd.no,1
600,https://www.thearchersatthelarches.com,1
602,https://www.mcrdpi.marines.mil,1
603,https://www.juicegrape.com,1
604,https://www.csm.com.cn,1
605,https://www.champaigncountyedc.org,1
607,http://www.noc.su,0
609,https://www.pvcprojekt.rs,1
610,https://www.nimhd.nih.gov,1
611,https://www.koozyt.com,1
612,https://www.soilassociation.org,1
613,https://www.esml.ipl.pt,1
614,https://www.raileo.com,1
616,https://www.pixalate.com,1
619,http://www.yahgodz.com,0
620,https://www.endava.com,1
625,https://www.employment-studies.co.uk,1
626,https://www.thenelsoncollection.co.uk,1
627,https://www.nci.org.au,1
631,https://www.lisasandlerphotography.com,1
632,https://www.logsign.com,1
633,https://www.3plains.com,1
634,https://www.diariodoplanalto.com.br,1
635,https://www.dagensmedisin.no,1
637,https://www.instamojo.com,1
638,https://www.1905farmhouse.com,1
641,https://www.estately.com,1
642,https://www.inist.fr,1
648,https://www.ccel.org,1
649,https://www.grangerconstruction.com,1
650,https://www.superenalotto.com,1
652,https://www.lakecarolina.com,1
654,https://www.learn-android-easily.com,1
656,https://www.rosemarywild.co.uk,1
657,https://www.ontariouniversitiesinfo.ca,1
658,https://www.homelava.com,1
659,https://www.thebdr.net,1
660,https://www.marica.bg,1
661,https://www.bookreviewsandmore.ca,1
662,http://www.helpmicrosoft.net,0
663,https://www.aruspix.net,1
664,https://www.copilotsearch.com,1
665,https://www.hangoutmusicfest.com,1
666,https://www.medicsusa.com,1
667,https://www.champlain.edu,1
668,https://www.insightnews.com.au,1
669,https://www.livingdice.com,1
670,https://www.wosilat.de,1
671,https://www.neworleanspetgroomer.com,1
672,https://www.rivistastudio.com,1
673,https://www.corkclub.com,1
674,https://www.fcsteaua.ro,1
676,https://www.coatingsworld.com,1
677,https://www.nasponline.org,1
678,http://www.whoer.net,0
679,https://www.goldstandard-gamsat.com,1
680,https://www.tatsumi.co.jp,1
682,https://jnlklknlknlk.agilecrm.com/landing/5390662233292800,0
683,https://www.financialresearch.gov,1
684,https://www.jesuitsmidwest.org,1
685,https://www.bbradydesign.com,1
686,https://www.fabricsgalore.co.uk,1
688,https://www.vinylrecordday.com,1
691,http://www.christopher-cloos.com,0
693,https://www.steinwaypianos.com,1
694,https://www.ivelinvlaykov.com,1
696,https://www.gelighting.com,1
697,http://www.nogiledeneli.ru,0
699,https://www.mechanicsbank.com,1
700,https://www.from.co.jp,1
702,https://www.telenav.com,1
704,https://www.treinus.com.br,1
705,https://www.dusal.net,1
706,https://www.conradmblack.com,1
708,https://yodsecinserv.firebaseapp.com/,0
711,https://www.cis.lmu.de,1
713,https://www.forevermetals.com,1
714,https://www.chiapas.gob.mx,1
715,https://www.easterisland.travel,1
716,https://www.senselesswisdom.net,1
717,https://www.onetam.org,1
718,https://www.diarioelmundo.com.mx,1
719,http://www.kovasrot.cz,0
720,https://www.aila.org.au,1
721,https://www.canofootball.com,1
722,https://www.tarot-guru.com,1
723,https://www.cakenflowers.com,1
725,https://www.revealedrecordings.com,1
726,https://www.mrbreakfast.com,1
727,https://www.fayoum.edu.eg,1
730,https://www.lockhaven.com,1
733,https://www.bldgblog.com,1
734,https://www.rsl.ru,1
740,https://www.kiah.org.il,1
742,https://www.packouzjewelers.com,1
743,https://www.lillesand.kommune.no,1
745,https://www.dolbytheatre.com,1
752,https://www.clickandgrow.com,1
753,https://www.salwaowens.com,1
754,https://www.userlocal.jp,1
755,https://www.trillian.im,1
756,https://www.es.catholic.net,1
757,https://www.adsm.ro,1
758,https://www.fatiguesarmynavy.com,1
763,https://www.akkit.org,1
764,https://www.tailie.nl,1
765,https://www.schlueter.de,1
767,https://www.thehealingearth.com,1
768,https://www.wsdtx.org,1
771,https://www.asur.com.mx,1
772,https://www.skyhighpartyrentals.com,1
774,https://www.britishjudo.org.uk,1
775,https://www.mattel163.com,1
776,http://www.fapecalijobutaka.biz,0
777,https://www.quad-a.org,1
778,https://www.internationalnewsandviews.com,1
780,https://www.sitcomsonline.com,1
784,https://www.fermanaghomagh.com,1
785,https://www.amaproracing.com,1
786,https://www.venuereport.com,1
788,https://www.software3d.com,1
791,https://www.cmes.lu.se,1
792,https://www.chiir.org,1
793,http://www.ecolerubanvert.com,0
794,https://www.midlandofficial.com,1
795,https://www.artsopolis.com,1
796,https://www.marechaussee.nl,1
797,https://app.box.com/s/x6agocx9zvj049azirk4aw3xrqdedqhl,0
798,https://www.marforpac.marines.mil,1
800,https://www.scribbr.fr,1
801,https://www.covenanteyes.com,1
802,http://www.geoplugin.net,0
803,https://www.freedomairguam.com,1
804,https://www.quarum.com,1
807,https://www.remolition.com,1
809,https://www.singaporeactually.com,1
812,https://accepupdeting.start.page/,0
814,https://www.centurylink.com,1
816,https://www.knwu.nl,1
818,https://www.dns-oarc.net,1
820,https://shrtco.de/1d9yeo,0
822,https://www.edoweb-rlp.de,1
823,https://www.psprs.com,1
827,http://www.thomasreany.com,0
829,https://www.toddlahman.com,1
830,http://www.silverbell.000space.com,0
832,https://www.portcalls.com,1
834,https://www.smithfieldtimes.com,1
835,https://www.mrglitterati.com,1
836,https://www.selectagents.gov,1
838,https://www.remibrague.com,1
843,https://www.essl.at,1
844,https://www.magyarulbabelben.net,1
845,http://www.tzafrir.org.il,0
846,https://www.zentao.pm,1
847,https://www.matematicas.unam.mx,1
848,https://www.phillipsfoods.com,1
849,https://www.kcm.org,1
850,https://www.northernirelandchamber.com,1
852,https://www.the-healthy-zone.com,1
853,http://www.hexe.in,0
854,https://www.laanimalservices.com,1
857,https://www.wealthmagik.com,1
860,https://www.woodnotes.fi,1
861,https://www.soliset.com,1
862,https://www.danone.co.uk,1
866,https://www.accounts4tutorials.com,1
867,https://www.bayambang.gov.ph,1
869,https://www.pgmuseum.org,1
870,https://www.bialystoker.org,1
872,http://www.mediahitech.com,0
873,https://www.womanvision.org,1
874,https://www.oblationpapers.com,1
876,https://www.cheeburger.com,1
877,https://www.publishersmarketplace.com,1
878,https://www.busybeaver.net,1
879,https://www.vacationstogo.com,1
880,https://www.barncancerfonden.se,1
881,https://www.chickasawtimes.net,1
882,https://www.threeinchesunder.com,1
885,https://www.eirin.jp,1
886,https://www.gritsbits.com,1
897,https://www.stylo24.it,1
898,https://www.fi-compass.eu,1
903,https://www.crosswindhkn.nl,1
907,https://www.radioradicale.it,1
909,https://www.mbiramagic.com,1
910,https://www.evacorbacho.com,1
912,https://www.inportercounty.org,1
914,https://www.microcloudbedding.com.au,1
920,https://www.lagazzettadiviareggio.it,1
921,https://www.biographicon.com,1
924,https://www.murad.com,1
926,https://www.racing.com,1
929,https://www.ergocanada.ca,1
930,https://www.ernestolopez.com,1
932,https://www.qwipo.com,1
933,https://www.auf-nach-mallorca.info,1
934,https://www.nachrichten-muenchen.com,1
935,https://www.healthspek.com,1
937,https://www.thurlestone.co.uk,1
938,https://www.pennjerseyrollerderby.com,1
939,https://www.original-bachflower.com,1
941,https://www.theinviteshack.com,1
942,https://www.mediaethicsmagazine.com,1
943,https://www.fate-sn.com,1
945,https://www.gormanscharpf.com,1
946,https://www.davidrumsey.com,1
947,https://www.villageunderground.co.uk,1
950,https://www.englishkaratefederation.com,1
951,https://www.royalsoft.eu,1
952,https://www.maghress.com,1
955,https://www.pressibus.org,1
956,https://www.mitsue.co.jp,1
957,http://www.crypto-pool.fr,0
958,https://www.rivervalenj.org,1
959,https://www.bedford.k12.oh.us,1
960,https://serviceadhelpmeta.web.app/,0
962,https://www.monashfodmap.com,1
964,https://www.tinroseboutique.com,1
967,https://www.groyer.com,1
968,https://www.univ-paris8.fr,1
969,https://www.sentinelone.com,1
971,https://www.factober.com,1
973,https://www.showroom.ru,1
974,https://www.permafungi.be,1
976,https://www.castellupo.it,1
982,https://www.yourbackinlinenow.com,1
983,https://www.ehs.ucsb.edu,1
984,https://www.rcvfd.org,1
989,https://www.ultrahdtv.net,1
992,https://www.pamitc.org,1
993,https://www.blauwwind.nl,1
994,https://www.oswaldmosley.net,1
995,https://www.atlas-alltagssprache.de,1
996,https://www.fourays.org,1
997,https://www.management-issues.com,1
998,https://www.lambda-bound.com,1
999,https://www.dasts.dk,1
1000,https://www.applethoughts.com,1
1002,https://www.madeinchicagomuseum.com,1
1003,https://www.operaamerica.org,1
1006,https://www.absolar.org.br,1
1009,https://www.simplyniadesign.com,1
1010,https://www.thefashionconnector.com,1
1014,https://www.1000-ideen.at,1
1015,https://www.travel365.it,1
1016,https://www.tdrtargets.org,1
1018,https://www.ati-ia.com,1
1021,https://www.hanbit.co.kr,1
1025,http://www.karizcustomizeme.com,0
1026,https://www.loveokko.co,1
1027,https://www.bitlaw.com,1
1030,https://www.postaprodeti.cz,1
1031,https://www.threadandmaple.com,1
1033,https://mail-101591.weeblysite.com/,0
1035,https://www.edepro.com,1
1036,https://www.philohome.com,1
1037,https://www.rpo.co.uk,1
1038,https://www.northernireland.gov.uk,1
1040,https://www.arabhorsesociety.org,1
1041,https://www.7ebiz.com,1
1042,https://www.sace.sa.edu.au,1
1044,https://www.sextonford.com,1
1045,https://www.gppi.net,1
1046,https://www.dechert.com,1
1047,https://www.audible.fr,1
1051,https://www.lib.fsu.edu,1
1053,https://www.thenakedlifecoach.com,1
1054,https://www.bebeltostes.com.br,1
1055,https://www.emag.bg,1
1057,https://www.itera.ac.id,1
1058,https://www.earlcampbellaward.com,1
1059,https://www.atosmedical.com,1
1060,https://www.andrewsgen.com,1
1063,https://www.obec.on.ca,1
1064,http://www.mail-king.com,0
1065,https://www.samford.edu,1
1066,https://www.ndcn.ox.ac.uk,1
1067,https://www.carenity.us,1
1068,https://www.4funparties.com,1
1069,https://www.barbarashawgifts.com,1
1070,https://www.exasound.com,1
1072,https://www.ecuafact.com,1
1073,https://www.analizeeconomice.ro,1
1074,https://www.maritime-database.com,1
1075,https://www.vcalc.net,1
1076,https://www.sigmundfreud.net,1
1077,https://www.multicolour.com,1
1078,https://www.johnnapier.com,1
1079,https://www.mittenwaldbahn.de,1
1080,https://www.rachelpaulsfood.com,1
1082,https://www.afrobirdsfarm.com,1
1084,https://www.britishgirlbakes.com,1
1085,http://www.lalao.welco.live,0
1088,https://www.mdapp.co,1
1089,https://www.horacioprinting.com,1
1090,https://www.medwayelects.co.uk,1
1092,https://www.famousscientists.org,1
1093,https://www.prietoengineering.com,1
1095,https://www.imobiliariarohde.com.br,1
1098,https://www.talktobruno.com,1
1099,https://www.thisisdurham.com,1
1100,https://www.serf.io,1
1102,https://www.juedischesmuseum.de,1
1105,https://www.northumbrianpipers.org.uk,1
1106,https://www.portland-bologna.org,1
1107,https://www.canadasoccer.com,1
1108,https://www.hpb.gov.sg,1
1110,https://www.wildlife-sound.org,1
1113,https://www.machothemes.com,1
1115,https://www.heartland.co.nz,1
1117,https://www.viva.co.id,1
1119,https://www.ringofgullion.org,1
1120,https://www.linuxcertified.com,1
1124,https://www.cafeleonelli.com,1
1125,https://www.vchm.org,1
1128,https://www.koshien-c.ac.jp,1
1129,https://www.ipeg.com,1
1130,http://www.laurabarstowart.com,0
1132,https://www.rt-thread.io,1
1133,https://www.findamericanrentals.com,1
1134,https://www.thewindpower.net,1
1135,https://www.hotel-mssngr.com,1
1136,http://ufgrlxaaax.hard4sewe.club/vnafvra97w/?q=3717065149&id=100,0
1137,https://www.corpcommsmagazine.co.uk,1
1138,https://www.delptronics.com,1
1140,https://www.barneymartin.com.au,1
1142,https://www.tobincenter.org,1
1143,https://www.hotdoc.com.au,1
1144,https://www.martiniqueannu.com,1
1147,https://www.rosascatering.com,1
1148,https://www.groupmuse.com,1
1149,https://www.hichapp.com,1
1150,https://www.jenstark.com,1
1151,https://www.imaginepeace.com,1
1155,http://www.intelsupportcenter.com,0
1157,https://www.mamm-mdf.ru,1
1158,https://www.metrohealth.org,1
1159,https://www.urbanjungle.co.il,1
1164,https://www.newingtonct.gov,1
1166,https://www.scottishgolf.org,1
1167,https://www.crufts.org.uk,1
1168,https://www.wachtyrz.eu,1
1169,https://www.nokapothecary.com,1
1170,https://www.a3kultur.de,1
1171,https://www.pamatkyaprirodakarlovarska.cz,1
1172,https://www.mcchord.af.mil,1
1175,https://www.river-swimming.co.uk,1
1176,https://www.dualipa.com,1
1177,https://www.matchaeologist.com,1
1179,https://www.becreaturekind.org,1
1181,https://www.chateau-lake-louise.com,1
1182,https://www.molescope.com,1
1184,https://www.collegecentral.com,1
1185,https://www.daitogyorui.co.jp,1
1187,https://www.standartnews.com,1
1188,http://4710463d43910.bonactech.com/#zfhobgnrqmtimjfoyvc0dwrhegs,0
1190,https://www.knowledge-basket.co.nz,1
1193,https://www.guidedchoice.com,1
1194,https://www.postalconnections108.com,1
1195,https://www.coastandkoi.com,1
1196,https://www.coreypsmith.com,1
1197,https://www.janeirodigital.com,1
1198,https://www.damaruworks.com,1
1199,https://www.wiltshirewildlife.org,1
1200,https://www.thiagofarias.com.br,1
1201,https://www.hmwhitesa.com,1
1202,https://www.socioprognoz.ru,1
1203,https://www.six.network,1
1204,https://www.lynnemedsker.com,1
1205,https://www.capitalcitytickets.com,1
1208,https://www.digizeitschriften.de,1
1210,https://www.mardigrasneworleans.com,1
1212,https://www.mythopoetry.com,1
1214,https://www.lobbyists.wa.gov.au,1
1216,https://www.ajfand.net,1
1217,https://www.elsalvadorsolidarity.org,1
1218,https://www.tatvasoft.com.au,1
1220,https://www.realwasabi.com,1
1221,https://www.stationcarts.com,1
1222,https://www.mrm.mx,1
1225,https://www.albanyherald.com,1
1226,https://www.visitbellevuewa.com,1
1227,https://www.psoriasis-bund.de,1
1228,https://www.alaindanielou.org,1
1229,https://www.doveranalyst.com,1
1230,https://www.efncp.org,1
1232,https://www.smg.surrey.ac.uk,1
1234,https://www.stillking.com,1
1236,https://www.hpwallart.com,1
1237,https://www.webservio.com,1
1240,https://www.tanyaleighton.com,1
1242,https://www.amyleewestervelt.com,1
1243,https://gmxfka.web.app/,0
1244,https://www.bdangouleme.com,1
1246,https://www.borduurbloempje.com,1
1247,https://www.abi.org.uk,1
1248,https://www.awesomeweb.com,1
1249,https://www.internetdj.com,1
1250,https://www.hollyfielddesign.com,1
1251,https://www.iandl.marines.mil,1
1252,https://www.washingtonballet.org,1
1256,https://www.strato.de,1
1257,https://www.cipdh.gob.ar,1
1259,https://www.cinematography.net,1
1261,https://www.mospeleo.org,1
1262,https://www.loudelephant.com,1
1263,https://www.parliament.gov.sg,1
1265,https://mtb-247-sec00.firebaseapp.com/,0
1266,https://www.ozawa-ichiro.jp,1
1267,https://www.sisunnews.co.kr,1
1268,https://www.citruslibraries.org,1
1269,https://www.asuu.utah.edu,1
1270,https://www.designgeopolitics.org,1
1271,https://www.birdlife.cz,1
1272,https://www.suryagarh.com,1
1273,https://www.blackheath.org,1
1274,https://www.facialesthetics.org,1
1277,https://www.lutfestsubotica.net,1
1278,https://www.worldcantwait.net,1
1281,https://www.answerbag.com,1
1282,https://www.risingpowersinitiative.org,1
1283,https://www.musee-vix.fr,1
1284,https://www.drive-master.com,1
1285,https://www.davidkordanskygallery.com,1
1288,https://www.mainewriters.org,1
1289,https://www.unilumin.com,1
1290,https://www.grapecat.com,1
1291,https://www.twenty3.media,1
1292,https://www.devtopics.com,1
1294,https://www.smilingmind.com.au,1
1296,https://www.goldfieldsairservices.com,1
1298,https://www.gameinformer.com,1
1301,https://www.ruralliving.co.nz,1
1303,https://www.brunton.com,1
1304,https://www.bestofkenya.com,1
1306,https://www.chuckdixon.net,1
1307,https://www.schatz.senate.gov,1
1309,https://www.furniss-foods.co.uk,1
1310,https://porezna-uprava-33a1c.web.app/,0
1312,https://www.chimani.com,1
1314,https://www.asianjewishlife.org,1
1315,https://doc-postale.firebaseapp.com/,0
1316,https://www.nhpeducationconsultants.com,1
1318,http://daviplata15155.vastserve.com/,0
1321,https://www.kjvbible.org,1
1322,https://www.cesarsway.com,1
1325,http://www.nnml.fbcode.co,0
1326,https://www.kom24.no,1
1328,https://www.esparte.es,1
1330,https://www.theedwinblackshow.com,1
1331,https://www.prcouture.com,1
1333,https://www.alifeexotic.com,1
1335,https://www.cpaireland.ie,1
1339,https://www.novaslp.net,1
1340,https://www.mutfakci.az,0
1341,https://www.tomflowers.ch,1
1343,https://www.locotalent.co.uk,1
1345,https://www.vanderbeken-remodel.com,1
1346,https://www.dogwoodforest.com,1
1348,https://www.basicbeeboutique.com,1
1350,https://www.haiku-os.org,1
1351,https://www.bridgesforpeace.com,1
1352,https://www.j-gega.com,1
1353,https://www.melbournepolytechnic.edu.au,1
1356,https://www.dempseyandcarroll.com,1
1357,https://www.flashtimer.de,1
1358,https://www.git-tower.com,1
1359,https://www.vizwiz.com,1
1360,https://www.olivetcollege.edu,1
1361,https://www.rokotustieto.fi,1
1367,https://www.themezy.com,1
1369,https://www.rvinyl.com,1
1370,https://www.emva.org,1
1371,https://www.elabeurope.eu,1
1372,https://www.carolinarv.com,1
1373,https://www.productioncars.com,1
1374,https://www.blackwallstreet.org,1
1377,https://www.responsive.co.nz,1
1380,https://www.positanonews.it,1
1382,https://www.clutchjewelry.com,1
1383,https://www.elearningfreak.com,1
1384,https://www.oldtimer.ru,1
1385,https://www.nochintz.com,1
1386,https://www.moley.com,1
1387,https://www.amberunmasked.com,1
1388,https://www.tealeaves.com,1
1390,https://www.rogerpincombe.com,1
1391,http://www.americanprogress-office365.com,0
1392,https://www.wissenschaftspodcasts.de,1
1397,https://www.garj.org,1
1399,https://www.tillyandthebuttons.com,1
1401,https://www.momus.hu,1
1403,https://www.southernlinc.com,1
1405,https://www.amusingmaria.com,1
1407,https://www.dressplace.net,1
1408,https://www.coriell.org,1
1409,https://www.gerstlauer-rides.de,1
1411,https://www.rorkesdriftvc.com,1
1412,https://www.higasiku1.net,1
1414,https://www.sunset-harbour.com,1
1415,https://www.digicamdb.com,1
1416,https://www.usacarsrental.com,1
1417,https://www.hamiltontn.gov,1
1420,https://www.zchain.co.jp,1
1421,https://www.royalfurniture.com,1
1422,https://www.jsbi.org,1
1423,https://www.inverarayjail.co.uk,1
1424,https://www.encyclo.nl,1
1425,https://www.carinavardie.com,1
1426,https://www.casio.co.jp,1
1427,https://www.tofler.in,1
1429,https://www.huntingact.org,1
1430,https://www.sron.nl,1
1433,https://www.fotowiesel.de,1
1434,https://www.diyaudioandvideo.com,1
1435,https://www.typeoff.de,1
1436,https://www.shagcarpetprops.com,1
1437,https://www.southwesternrailway.com,1
1438,https://www.jalousie-welt.de,1
1439,https://www.xcore.com,1
1440,https://www.mexican-folk-art-guide.com,1
1442,https://www.ilovechile.cl,1
1443,https://www.parketzorg.nl,1
1444,http://www.space-to-rent.com,0
1445,https://www.ubiquitypress.com,1
1446,https://www.garaget.org,1
1447,https://www.shopivyandash.com,1
1451,https://www.sportbikechic.com,1
1452,https://www.sikkens.nl,1
1453,https://www.arcturos.gr,1
1456,https://www.eurekalook.com,1
1457,http://cek58793690694674609.rf.gd/,0
1462,https://www.renown.org,1
1463,https://www.myscandinavianhome.com,1
1464,https://www.astfinancial.com,1
1467,https://www.blackford.co.uk,1
1468,https://www.easymanandvanremovals.co.uk,1
1469,https://www.sita.aero,1
1470,https://www.haiming.co.jp,1
1472,https://www.leahphillipsinteriors.com,1
1473,https://www.seodesignframework.com,1
1474,https://www.edusoft.ro,1
1475,https://www.lyceemermozdakar.org,1
1476,https://www.massarelli.com,1
1477,https://www.chinesefortunecalendar.com,1
1478,https://www.godard-christian.org,1
1482,https://www.ncmh.info,1
1483,https://www.theindianpanorama.news,1
1487,http://www.farmersdaughterdelivery.com,0
1488,https://www.technologyiowa.org,1
1492,https://www.tonsberg.kommune.no,1
1494,https://www.fontzone.net,1
1495,https://www.realestatebydesignteam.com,1
1497,https://www.sciencefocus.com,1
1499,https://www.brollopstorget.se,1
1502,https://www.icasees.org,1
1503,https://www.fourni.com,1
1504,https://www.mcnabbraeside.com,1
1505,https://www.painphysicianjournal.com,1
1506,https://www.prospectshoppingcentre.co.uk,1
1509,https://www.parttimemonkey.com,1
1510,https://www.myvapi.com,1
1511,https://www.thepassportlifestyle.com,1
1513,https://www.thomastonsavingsbank.com,1
1515,https://www.oekb.at,1
1519,https://www.ingechristopher.com,1
1521,https://www.elvingerhoss.lu,1
1522,https://www.kuc-arc-f.com,1
1523,https://www.stephenmclaughlin.net,1
1524,https://www.periodistasvascos.com,1
1525,https://www.luluandbass.com,1
1527,https://www.payback.de,1
1529,https://www.thecomeupshow.com,1
1530,https://www.mypaga.com,1
1531,https://www.ratemyfishtank.com,1
1533,https://www.aucegypt.edu,1
1534,https://www.gaijindistribution.com,1
1535,https://www.okulcep.com,1
1536,https://www.ccanactionfund.org,1
1537,https://www.hollywoodkart.it,1
1538,https://www.svetplus.com,1
1539,https://www.glow-internet.com,1
1541,https://www.jorritdijkstra.com,1
1542,https://www.nedsti.is,1
1543,https://www.coolyrockson.com,1
1544,https://www.lch.com,1
1546,https://www.monopoly-poker.com,1
1547,https://www.puptection.com,1
1548,https://www.emilymaletz.com,1
1549,https://www.franksworld.com,1
1552,https://www.trash.net,1
1553,https://www.bessmccrary.com,1
1557,https://www.fayettetribune.com,1
1558,https://www.macraesbluebook.com,1
1559,https://www.fosslinux.com,1
1560,http://shorturl.at/hehjn,0
1563,https://www.chase.worcs.sch.uk,1
1566,http://www.from-ia.com,0
1569,https://www.talleyupp.com,1
1571,https://fladestateins.com/4ecc9875-1bec-4eb4-b4b8-859e345aa26a,0
1577,https://www.writegirl.org,1
1579,https://www.borealisstringquartet.com,1
1580,https://www.wipro.com,1
1581,https://www.bandungheritage.org,1
1582,https://www.transfergo.com,1
1583,https://www.iclr.co.uk,1
1584,https://www.linjeflyg.info,1
1585,https://www.gambolthemes.net/wp-admin/mi/,0
1589,https://www.haasjr.org,1
1590,https://www.minipiginfo.com,1
1591,https://www.visa-algerie.com,1
1592,https://www.access-cu.com,1
1594,https://www.tysontalk.com,1
1595,https://www.gw.govt.nz,1
1597,https://www.smifs.com,1
1598,https://www.sciencenorth.ca,1
1602,https://www.opensource-socialnetwork.org,1
1603,https://www.wearesas.com,1
1604,https://www.mccain-inc.com,1
1605,https://www.iksv.org,1
1606,https://www.gonzaga.edu,1
1608,https://www.ica.art,1
1609,https://www.adamspiers.org,1
1610,https://www.bensing-thomasfuneralhome.com,1
1612,https://www.missy-elliott.com,1
1613,https://www.huntleyequestrian.com,1
1615,https://www.khronos.org,1
1618,https://www.callscotland.org.uk,1
1621,https://www.ladarbia.com,1
1622,https://www.pak101.com,1
1623,https://www.teradici.com,1
1628,https://www.aimtti.com,1
1631,https://www.thehumanleague.co.uk,1
1632,https://www.americanwest.cc,1
1634,https://www.lindasongs.com,1
1635,https://www.quettavoice.com,1
1638,https://www.callumlaing.com,1
1639,https://www.canberratracks.act.gov.au,1
1641,https://www.hcahpsonline.org,1
1642,https://www.masglo.com,1
1644,http://www.shopcurbsideanddelivery.com,0
1647,https://www.jphs.org,1
1648,https://www.tourstoriesapp.com,1
1650,https://www.stagecenta.com,1
1651,http://www.fontsm.welco.live,0
1652,http://www.myfreeserver.download,0
1654,https://www.inspectorgorgeous.com,1
1656,https://www.znu-standard.com,1
1657,https://www.dotandarmy.com,1
1660,https://www.scuc.txed.net,1
1662,https://www.yitgroup.com,1
1663,http://www.raveston.com,0
1664,https://www.fedfarm.org.nz,1
1665,https://www.trl.co.uk,1
1666,https://www.echosens.com,1
1667,https://www.lifesoleil.com,1
1668,https://www.fa.uni-lj.si,1
1669,https://www.newsdirect.com,1
1670,https://www.tarzan.com,1
1673,https://www.congresscentre.co.uk,1
1674,https://www.ots.treas.gov,1
1676,https://www.sethkaller.com,1
1677,https://www.unrc.edu.ar,1
1678,https://www.horicon.lib.wi.us,1
1679,https://www.cosmopolitan.co.id,1
1681,https://www.radio-potsdam.de,1
1683,https://www.qgallery.net,1
1686,https://www.sandrakyle.com,1
1687,http://www.m2.videos.vidto.me,0
1689,https://www.lovingit.pl,1
1690,https://www.islandheritagetrust.org,1
1691,http://www.fairpayva.com,0
1692,https://www.livingwelllaughoften.com,1
1693,https://www.sifa.sg,1
1695,https://www.dfg.de,1
1696,https://www.town.medfield.net,1
1697,https://www.cybavo.com,1
1702,https://www.emubands.com,1
1703,https://www.quinapalus.com,1
1704,https://www.wwf.nl,1
1706,https://www.directory.gov.hk,1
1707,https://www.idcpc.org.cn,1
1708,https://www.artm.pref.hyogo.jp,1
1710,https://linkpop.com/consullimasilvas,0
1712,https://www.autopartscanadaonline.ca,1
1714,https://www.twistr.com,1
1720,https://www.templechurch.com,1
1722,https://www.watchyour.tv,1
1723,https://www.linfograf.com,1
1725,https://www.narrabri.atnf.csiro.au,1
1728,https://www.wwf.se,1
1730,https://www.sproutmentor.com,1
1734,https://www.us.jll.com,1
1736,https://www.snapper.co.nz,1
1737,https://www.leacock.ca,1
1738,https://www.ecolevol.de,1
1739,https://www.americanavalancheassociation.org,1
1740,https://www.electrooptics.com,1
1741,https://www.webnoise.co.il,1
1744,https://www.futilitycloset.com,1
1747,https://www.kirchenzeitung.de,1
1749,http://www.ppxxmr.com,0
1752,https://www.paulettegreene.com,1
1754,https://www.a2books.org,1
1755,https://www.gjirokastra.org,1
1758,https://www.benvan.co.uk,1
1759,https://www.imaginetheatre.co.uk,1
1761,https://www.heathceramics.com,1
1762,http://www.dyskurs.com.ua,0
1763,https://www.usimmigrationsupport.org,1
1764,https://www.ycsports.com,1
1765,https://www.national.co.uk,1
1766,https://www.radiomacondo.fm,1
1767,https://www.sethapter.com,1
1768,https://www.nightingale-collaboration.org,1
1771,https://www.navaltoday.com,1
1773,https://www.blackstoneappliances.com,1
1774,https://www.oldnorth.com,1
1775,https://www.londonsvenskar.com,1
1776,https://www.cenhud.com,1
1777,https://www.bylt.org,1
1779,https://cnouslsmchan.firebaseapp.com/,0
1780,https://www.pointsandtravel.com,1
1782,https://www.deinz-fotografie.de,1
1783,http://www.cattree.1x.biz,0
1784,https://www.kgou.org,1
1786,https://www.genoanevada.org,1
1787,https://www.indianolatx.com,1
1788,https://www.telegraf.rs,1
1789,https://www.gaudimusic.com,1
1791,https://www.newvisionart.com,1
1793,https://www.pett-mode.de,1
1794,https://www.panspermia.org,1
1795,https://www.fsi.illinois.edu,1
1797,https://www.jakecii.fr,1
1799,https://www.erikfriedlander.com,1
1800,https://www.burtsbees.com,1
1802,https://www.bao.am,1
1804,https://www.mediapipe.dev,1
1805,https://www.montreat.edu,1
1806,http://www.com-archive.site,0
1809,https://www.iridaresort.gr,1
1810,https://www.dancingrabbit.org,1
1811,https://www.oag.ca.gov,1
1812,https://www.ascasonline.org,1
1818,https://www.footballclubdemarseille.fr,1
1819,https://www.kinfolk.com,1
1820,https://www.kiyolo.com,1
1821,https://alertascliente.webcindario.com/,0
1823,https://www.fromsandy.com,1
1824,https://www.alliancy.fr,1
1825,https://www.webprem.com,1
1826,https://www.ocm.gov.kh,1
1827,https://www.northglenn-thorntonsentinel.com,1
1829,http://www.1shop.de,0
1830,https://www.rcsed.ac.uk,1
1831,https://www.visithoustontexas.com,1
1832,https://www.mupuf.org,1
1834,http://www.pateu.freevar.com,0
1837,https://www.replacealens.com,1
1838,https://www.openthedata.com,1
1839,https://www.inkodu.ee,1
1841,https://www.senalmemoria.co,1
1842,https://www.cookiesbygeorge.com,1
1843,https://www.worldsolarchallenge.org,1
1845,https://www.pastelsocietyofamerica.org,1
1846,https://www.abladvisor.com,1
1850,https://www.aldakur.net,1
1851,https://www.thepenn.org,1
1852,https://business01872961.web.app/,0
1854,https://www.wmta.org,1
1855,https://www.charmingitaly.com,1
1857,https://www.businessbroker.net,1
1858,https://www.ce.washington.edu,1
1861,https://www.fitocracy.com,1
1865,https://www.cindyssuds.com,1
1866,https://www.ckeep.com,1
1867,https://www.nlnetlabs.nl,1
1869,http://www.joiavip.com.br,0
1870,https://www.investordaily.com.au,1
1875,https://www.zadar-airport.hr,1
1876,https://www.qrtag.net,1
1878,https://www.meetchu.kr,1
1879,https://www.igt.uni-stuttgart.de,1
1881,https://www.luggagepros.com,1
1882,https://www.sanitech.net,1
1883,https://www.terminalcali.com,1
1884,http://www.theonlygoodman.com,0
1885,http://www.msnsupportcare.com,0
1886,https://www.calnative.com,1
1887,https://www.emdria.org,1
1888,https://www.wrightlandscape.ca,1
1889,https://www.163atkw.ang.af.mil,1
1892,https://www.savestarwars.com,1
1896,https://www.byjohanne.com,1
1897,https://www.frequence-plaisir.com,1
1899,https://www.genesis-publications.com,1
1900,https://www.tsukiji.or.jp,1
1901,https://www.ronso.co.jp,1
1902,https://www.museumoflove.net,1
1904,https://www.les-dominicains.com,1
1905,https://www.chaiseprivee.fr,1
1906,https://www.celebraterecovery.com,1
1909,https://www.rubberband.com,1
1912,https://www.portuguesemanofwar.com,1
1913,https://www.pontevedraviva.com,1
1915,https://www.perfect365.com,1
1918,https://www.tukkk.fi,1
1923,https://www.ourlfc.com,1
1924,http://www.0catch.com,0
1925,https://www.wpautoterms.com,1
1926,https://www.pontcysyllte-aqueduct.co.uk,1
1927,https://www.olivettenc.com,1
1928,https://www.alexandrialockett.com,1
1931,https://www.metrosiliconvalley.com,1
1932,https://www.ronniespector.com,1
1933,https://www.practicepro.ca,1
1934,https://www.tohology.com,1
1935,https://www.ichikawa-fusae.or.jp,1
1936,https://www.thermalhaircare.com,1
1937,https://www.kickboks.gov.tr,1
1938,https://www.barrecity.org,1
1939,https://www.greenturtle.com,1
1942,https://www.greasespot.net,1
1944,https://www.gardenersworld.com,1
1947,http://www.r1.panjo.club,0
1948,http://www.atozproxy.com,0
1949,https://www.alishaober.com,1
1950,https://www.pamguard.org,1
1951,https://www.endocrinology.org,1
1952,https://www.alocall.org,1
1955,https://www.lipstik.com.br,1
1956,https://www.metronovacreative.com,1
1957,https://www.matchware.com,1
1959,https://www.medieraadet.dk,1
1960,https://www.arenacindependent.com,1
1961,https://www.srivadapathirakali.org,1
1963,https://www.evn.bg,1
1965,https://www.eerstekamer.nl,1
1966,https://www.acis.org.co,1
1967,https://www.viasat.com,1
1968,https://www.sewing-cominica.net,1
1969,https://www.hogshaven.com,1
1970,https://www.us.es,1
1973,https://www.designerali.com,1
1974,http://www.unblockproxy.us,0
1975,https://www.vladikavkaz-osetia.ru,1
1976,https://www.chinoiseriechic.net,1
1977,https://www.sparkleeverywhere.com,1
1979,https://www.reit.com,1
1980,https://www.vnc.qld.edu.au,1
1981,https://www.goldextra.com,1
1982,https://www.insideskating.net,1
1983,https://www.powermate.info,1
1986,https://www.simmonsfinejewelry.com,1
1987,https://www.consultant360.com,1
1988,https://www.cityoffollybeach.com,1
1989,https://www.tourmyindia.com,1
1990,https://www.negrophonic.com,1
1991,https://www.citymuseum.org,1
1992,http://ssaignzqw.hyperphp.com/,0
1995,https://www.coushatta.org,1
1997,https://www.chemport.ru,1
1999,https://www.machupicchu.info,1
2000,https://www.kandu.no,1
2017,https://tribelio.page/communityaccountverification,0
2035,http://ppl-metamask.42web.io/?i=1,0
2046,https://step2-9f5d0.firebaseapp.com/,0
2076,http://www.cs33609.tmweb.ru,0
2079,https://securebusiness.github.io/bt-1/load.html,0
2091,https://powerlineindustriesinc.myportfolio.com/,0
2129,http://www.ch2.eu,0
2131,http://www.ip-api.com,0
2195,http://www.susapflug.com,0
2207,http://www.shop-sellwear.info,0
2216,http://www.autoupdatefree.zoka.cc,0
2228,http://www.sorrentinovini.com,0
2238,http://www.beatleslover.com,0
2252,https://demo3.cloudwp.dev/trial-w3v4ttw2/securecitzn/,0
2254,http://www.pcanywhere.net,0
2273,https://metasupport-case1001824281.web.app/,0
2289,http://www.14gjm.xyz,0
2302,http://www.supportxmr.com,0
2318,http://www.oifish.com,0
2339,http://www.hotfixmsupload.com,0
2343,https://djc74bcd9b51a2-1ebf-4df7-bc61-d371fe9eccf.myportfolio.com/,0
2434,http://www.documentsharing.info,0
2456,http://www.agodavip.com,0
2490,http://www.thsweed.fburl.fun,0
2512,http://www.vhupo-tours.com,0
2531,http://43.156.0.130/servicelogin?passive=1209600&amp;continue=https://accounts.google.com/&amp;followup=https://accounts.google.com,0
2538,http://www.khaleejtimes.co,0
2557,http://www.asymmetricfile.blogspot.com,0
2558,http://www.inboundmag.com,0
2563,https://bafybeifvsfftur3i7mbq36u6237kvtw6vxgswi3dju5qamo4zx77eecyri.ipfs.ipfs.joaoleitao.org/?2f0313afdcd0274dadb90aaf452c0fb2c7%2fadd4ee7cc-df96-44f4-9f9c-96291e4f82e,0
2619,http://www.goingthere.org,0
2661,http://www.outlook-verify.net,0
2721,http://www.ufcfan.org,0
2757,http://www.shakeroom.com,0
2768,http://www.ns2.axs.su,0
2823,http://www.hiphopeconomicdevelopment.com,0
2833,http://www.is-a-student.com,0
2858,http://www.intershare.zapto.net,0
2939,http://www.is-a-soxfan.org,0
2982,http://www.wisconsinmicrogreens.com,0
2989,http://www.cryptobara.com,0
3007,https://is.gd/richiediassistenzabpercom,0
3027,https://att-5471.formaloo.net/att7,0
3047,http://www.ibelieveinbrazil.com,0
3058,http://www.rftjrsrv.net,0
3088,http://zpr.io/ljhyw89erlhh,0
3110,http://www.hotpopups.com,0
3111,http://www.chatterbuzz-media.com,0
3129,http://www.xgtqenw.info,0
3131,https://noteqnte03.firebaseapp.com/,0
3154,http://www.tasut.com,0
3155,http://www.hideme.be,0
3171,http://www.h63302.srv4.test-hf.ru,0
3187,http://www.awam.be,0
3189,http://www.pranazfinance.com,0
3190,http://www.vandamebuilders.com,0
3191,http://www.phlhjk.cannca.shop,0
3196,http://www.tomarchiobibite.it,0
3222,http://www.6.je,0
3233,https://lizc2f3.myportfolio.com/,0
3237,https://christensengroupinsurance.myportfolio.com/,0
3253,http://www.khoinghiep7ngay.com,0
3259,http://www.pdjwebrfgdyzljmwtxcoyomapxtzchvn.com,0
3261,http://www.talkischeap.co.za,0
3264,https://sky-authenticate.firebaseapp.com/,0
3280,http://www.xxl.st,0
3293,http://www.universalbumpkeys.com,0
3314,http://www.performanceacademia.com.br,0
3322,https://poscaro.web.app/,0
3326,http://www.skysatcam.com,0
3329,http://www.here-for-more.info,0
3360,http://seguroltau.atsnx.com/,0
3370,http://www.jrat.io,0
3384,https://is.gd/bpercertificato,0
3391,https://review-docu.myportfolio.com/,0
3392,http://www.athenaat.com,0
3393,http://www.com-portal.de,0
3395,http://www.studiohartdesign.com,0
3403,http://www.unblockyoutube.co,0
3411,http://www.therattgang.com,0
3418,http://www.instantfreesite.com,0
3433,http://www.brinks.store,0
3449,http://www.86579.net,0
3453,http://www.integrity-roofers.com,0
3463,http://sankyo-m.jp/pdfs/cs.html?email=cert@soc.tdc.dk,0
3478,http://www.useridentity-confirm.info,0
3490,http://www.mouserunner.net,0
3510,http://www.hbaa.law,0
3549,http://www.zango.com,0
3554,https://page-review-0901513.firebaseapp.com/,0
3562,http://www.772123.com,0
3580,http://www.bvoraltavoy.com,0
3591,http://www.palankhir.hu,0
3599,https://bccp.com.mx/pass/056e4bac650f6590a71e1b648bae1824/,0
3602,http://www.efound.com,0
3618,http://www.accounts.googel.email,0
3623,http://www.100dof.com,0
3624,http://www.webhop.net,0
3641,http://www.tillysconcept.me/iop/900/,0
3649,http://www.ollorhythm.com,0
3659,https://healthyfoodscoop.org/itau/banitaweb/,0
3666,http://www.shopping.hn,0
3695,http://www.stills.com.au,0
3709,http://www.2ww.me,0
3716,http://www.wildwaveslogistic.com,0
3743,http://pancakeswapv3.finance,0
3748,http://www.onlyidea.com,0
3751,http://www.grandeveryday.com,0
3766,http://www.adiscusion.com,0
3773,https://carpediemsocial.com/optus,0
3780,http://www.panorama-otel.ru,0
3782,http://www.filmsrip.stream,0
3787,http://www.parkwayorthopedics.ca,0
3799,http://www.signinsolution.com,0
3803,http://www.2fastsurfer.us,0
3819,http://www.rocketbagger.com,0
3821,http://www.coinhive.com,0
3830,https://fnespostle.web.app/,0
3839,http://www.wonderfulinsights.com,0
3843,http://www.datawyse.net,0
3849,http://www.clean-area.com,0
3850,http://www.lbertussbau.com,0
3853,http://www.top.lc,0
3864,http://www.otiifafm.net,0
3872,http://www.lastfrontierstrekking.com,0
3877,http://www.orfanidis.eu,0
3880,http://www.cd05491.tmweb.ru,0
3884,http://www.sponsorplay.com,0
3890,https://lespamiamilord.web.app/,0
3898,http://www.proxysurfing.org,0
3902,http://www.gratis.lc,0
3955,http://www.giraffe-tour.ru,0
3967,http://www.stbjbpir.osa.pl,0
3971,http://www.ussdns02.heketwe.com,0
3975,http://www.allc.fburl.fun,0
3976,http://www.raufkhalid.com,0
3977,http://www.privado.info,0
3978,http://confirmarcreditoltau.atsnx.com/?i=1,0
3981,http://www.huangyifan.com,0
3988,https://tcommanderdcd7.myportfolio.com/,0
3997,http://www.powker.myfr.xyz,0
4004,http://www.211205.top,0
4008,http://www.7south.com,0
4017,http://www.ccleaner.top,0
4022,http://www.t.gp,0
4032,http://www.victory.com.pl,0
4035,https://sites.google.com/view/necrologieinfosfroravocal/accueil,0
4057,http://www.youdermoscopy.org,0
4067,http://www.yellowlion.com,0
4071,http://www.fenicerosa.com,0
4078,http://www.zaloshop.net,0
4081,https://hellenicfedmed.org/,0
4083,http://stonexgroups.com,0
4085,https://www.ridm.in,0
4102,http://www.stjsrh.com,0
4110,http://www.goproders.com,0
4114,http://www.winzerhof-kridlo.com,0
4131,http://verifysup02218115112022.rf.gd/,0
4134,http://www.wtggkyjh.org,0
4151,https://reurl.cc/rzvm71,0
4154,https://handanswim.com/fl/,0
4160,http://www.memorymusk.com,0
4699,https://rupeshchoudhary12.github.io/netfilx/,0
4703,http://www.vicp.me,0
4711,http://www.ajapro.com,0
4719,http://www.labaa.fbcode.co,0
4728,http://www.ceoseguros.com,0
4736,http://www.suri-nicole.com,0
4752,http://www.app.in-spicy.com,0
4756,http://www.pentaworkspace.com,0
4772,http://www.schmuckfedern.info,0
4783,http://www.amarteargentina.com.ar,0
4784,http://mcdcompany.com/,0
4786,http://www.cloudcoins.co,0
4792,http://www.seaweldci.com,0
4801,https://redorange-54175.web.app/,0
7021,http://www.wasatchcrossfit.com,0
7022,http://www.bizztream.com,0
7030,https://www.sydneyartsguide.com.au/wp-content/jan/index.php,0
7033,http://www.accounts-web-mail.com,0
7066,http://www.janiking.xyz,0
7068,http://www.cyber-peace.org,0
7101,http://www.halcyongroup.com,0
7107,http://www.simple-it.org,0
7121,https://domappcheckomeg20.web.app/,0
7125,http://www.xxacpreh.ru,0
7126,http://www.pickleballhotspot.com,0
7143,http://www.led-e.com,0
7144,http://www.0577yx.com,0
7154,http://www.serveirc.com,0
7239,http://www.123043.com,0
7244,https://hhdiamond.com/,0
7254,https://metafb-iacdqc5.web.app/,0
7257,http://www.lapcare.com,0
7262,http://www.66dmdm.com,0
7275,https://help021394912385712834.firebaseapp.com/,0
7296,http://www.dyn-dns.co,0
7297,http://ethereumpay.online,0
7299,http://www.fuer-profis.de,0
7305,http://www.nextman.dk,0
7330,http://www.salvacodina.com,0
7341,http://www.concordiaeefde.nl,0
7342,http://www.gliss.com,0
7347,https://cnouslsmchan.web.app/,0
7362,http://www.bitrix386.timeweb.ru,0
7377,http://www.svenahrens.nl,0
7386,http://www.thematkaking.com,0
7399,http://sfgarecovery-accts3rq.rf.gd/,0
7400,http://www.taxaq.com,0
7404,https://mjbopolstle.firebaseapp.com/,0
7426,http://www.opccmission.org,0
7438,http://www.easy.welco.live,0
7450,http://www.rrm.fbcode.co,0
7452,http://www.equip.yaroslavl.ru,0
7460,http://www.bahaius.info,0
7491,http://www.turbo-services.com,0
7503,http://www.sever1.webs.pm,0
7510,https://www.ebikediagnostics.com/jp,0
7534,http://www.housecleaningacblondon.com,0
7536,https://www.sharestion.com,0
7538,http://www.ecotak.ir,0
7553,https://key23456-698e6.firebaseapp.com/,0
7566,https://peteri.sk/meinpaket/,0
7589,http://www.oralsinbrusque.com.br,0
7591,http://www.kidzcommunity.org,0
7597,http://www.panachescoffee.com,0
7608,http://www.mikebonales.com,0
7612,http://www.venn.me,0
7618,http://www.nyp.com,0
7629,http://www.robertking.site,0
7644,https://www.bookmarkindia.in/,0
7647,http://www.booking.etowns.org,0
7648,http://www.ilumu.com,0
7652,http://www.catherinepedemonti.com,0
7654,http://www.narcologics.ru,0
7680,https://my.forms.app/form/628e2c9dbd94a175bb6fe784,0
7683,https://sites.google.com/view/pleaseclickplaypagenew,0
7694,https://bafybeiee4i3fihjndrotfxxqgxx43bvgvnnuujednrwn7756dykvsh37iy.ipfs.dweb.link/,0
7696,http://www.18wp8zb1axq2qdxusp2u18djbta.net,0
7701,http://www.a-ads.com,0
7706,http://confirmaciondeproductos.atsnx.com/?i=2,0
7708,http://www.anisch.com,0
7711,http://www.popin.0fees.net,0
7714,https://periodic-servic.start.page/,0
7722,http://www.5organic.com,0
7730,http://www.cryptoblocks.site,0
7743,http://facebook.idiyanale.ph/,0
7748,http://www.k-h.co.il,0
7762,http://www.p0sixspwn.co,0
7782,https://www.ambtechonline.com,0
7803,https://fbsuppportcase-12586123.web.app/,0
7817,http://www.wisheshub.com,0
7833,https://share.ebforms.com/6727135104860160,0
7848,http://www.nutqauytva1413xyzf114zzz3.com,0
7880,https://email-signature-kefi.web.app/,0
7883,http://www.live2.de,0
7894,http://www.okcute.com,0
7899,https://tnaconstructionllc.com/carta.php,0
7906,http://www.bvhh.welco.live,0
7910,http://www.yedirenkajans.com,0
7916,http://www.doitlive.online,0
7926,https://at-tmjck.formaloo.net/ptnz1,0
7951,http://www.chemlab.com.my,0
7952,http://www.3656f.vip/,0
7981,http://www.turmoil.dnsdynamic.com,0
8010,http://www.lilycharme.com,0
8023,http://www.lionkingcourt.com,0
8025,http://www.cpcwiki.de,0
8051,http://www.olgaperezporro.com,0
8071,http://www.yserch.com,0
8077,http://www.lct.fbcode.co,0
26099,http://www.breedenandsilver.com,0
26108,https://tinyurl.com/ddfgfdsgsdfdsg,0
26114,http://www.ideoso.com.tw,0
26132,http://www.cncadventist.org,0
26137,http://www.44xhxh.com,0
26165,http://www.sweetxxx.de,0
26169,https://www.4pservices.com/certicodeplus/dsp2/login/login.php,0
26171,https://mityanadiocese.org/wp-admin/maint/lbs/gg/index.html,0
26178,http://www.avira.suroot.com,0
26180,http://www.balticcontrolbd.com,0
26187,http://www.navyugitsolutions.com,0
26199,http://www.kdilhviqbg.info,0
26217,http://www.h167159.srv11.test-hf.su,0
26229,http://www.comexe.cn,0
26235,https://api.auth.gg/,0
26242,http://www.johnnees.rkntils.10dig.net,0
26249,http://www.kooskhone2010.blogspot.com,0
26264,http://www.classicbody.ir,0
26268,http://www.millerjeanne.com,0
26274,http://studentfinance-help.firebaseapp.com/,0
26280,http://www.credibusco.com,0
26285,http://www.color.welco.live,0
26310,http://www.ketones.info,0
26311,http://inobreaksccooejr.hostfree.pw/accounnt=service=firt.html,0
26314,http://www.exportersgateway.com,0
26324,http://www.pkdj.cannca.shop,0
26329,http://www.cqline.com,0
26331,http://www.ipleak.net,0
26334,http://www.buildingdigitalmind.com,0
26340,http://www.insidebox.pt,0
26352,http://www.angelesrodriguez.com.ar,0
26363,http://www.locallywhitstable.co.uk,0
26373,http://www.institutionsevigne.org,0
26383,http://www.pitandplate.com,0
26387,http://www.autoserviceboeser.nl,0
26393,http://www.ownip.net,0
26398,http://www.vengo.de,0
26404,http://www.h14.ru,0
26406,http://www.bandenmarkt.com,0
26409,http://www.btta.xyz,0
26433,http://www.biketourshanoi.com,0
26436,http://www.cnstefancelmare.ro,0
26440,http://www.rnaii.com,0
26466,https://tinyurl.com/mkzkhaj,0
26482,http://www.s443.com,0
26487,http://www.tta.jo,0
26515,http://www.buckzy.net,0
26523,http://www.iipl.in,0
26526,http://www.rovaconstruction.com,0
26532,http://www.18xn.com,0
26540,http://www.livemajor.com,0
26543,http://www.zouiri.com,0
26563,http://www.yangzhen.e1.luyouxia.net,0
26567,http://www.doitbig.org,0
26583,http://www.txknxnp.org,0
26599,http://ryanml.github.io/website,0
26608,http://www.cmi7.fr,0
26612,http://www.capoeiraventrelivre.com,0
26618,http://www.happyakrz.com,0
26621,https://greatlakesmc.myportfolio.com/,0
26630,http://www.sypexgeo.net,0
26645,http://www.oemdns.com,0
26651,http://www.mesutozdemir.org,0
26655,http://www.sbi.mx/page/41/786/kuatkan.php,0
26689,http://www.pravinpatil.in,0
26702,http://www.hidemefast.net,0
26710,http://www.judy.gotchahosting.com,0
26757,http://www.mindslaver.com,0
26772,http://www.akhrailway.com,0
26778,https://nbl-pay.web.app/,0
26781,http://www.googletestadminwin.com,0
26787,http://www.precise.cannca.shop,0
26792,http://www.worldmasterclass.com,0
26798,http://www.comercialadvance.com,0
26802,http://www.emfsys.gr,0
26810,http://www.a.gp,0
26832,http://www.trackip.net,0
26837,http://industrialplotsncr.com,0
26845,http://www.allmytshirt.com,0
26849,http://www.damcoservices.com,0
26863,http://www.service1.chrome-up.date,0
26890,http://www.yuk.su,0
26906,http://www.kadin.com.tc,0
26918,http://www.antbear.de,0
26924,http://www.internetmarkaching.com,0
26926,http://www.allegiantstaffing.com,0
26948,http://www.parentingkiss.com,0
26952,http://www.ka3ek.com,0
26975,https://mm.hostinglawn.com/grupobisactualiza/des/,0
26987,http://www.faraweel.com,0
26989,http://alareentading-catalog.page.tl/,0
27019,https://nodemate.ggather.com/proxy?url=https://www.bankofamerica.com/,0
27022,http://www.last.so,0
27044,http://www.laguay.es,0
27090,http://www.wow.ge,0
27130,http://www.couchpotatofries.org,0
27137,http://www.criagslist.com,0
27138,http://www.tvlido.com,0
27148,http://www.play.s02.vidtod.me,0
27155,https://continousa.firebaseapp.com/,0
27157,http://sldmlf.hyperphp.com/,0
27163,https://orangebank.mailerpage.io/,0
27171,http://www.forgot.her.name,0
27176,https://nasfrost.myportfolio.com/,0
27180,https://animesonlinehd.info/wp-content/themes/rshmicro365/officeonline/cgi-bin1/,0
27193,http://www.servegame.org,0
27199,http://www.ecoplastindia.in,0
27215,http://www.free.cr,0
27217,http://www.uni-maxi.com,0
27221,http://www.entitygaming.in,0
27252,http://www.santacruzam.com,0
27255,http://www.netten.ru,0
27265,http://www.smallbizhacklondon.com,0
27277,http://www.yh-metals.com,0
27282,https://metasupport-case1001824281.firebaseapp.com/,0
27286,http://wer.org.ru/images/extsevendays/orrowforthen/ariisasimpleman,0
27316,http://www.cndnagb.biz,0
27335,http://www.gamehack.eu,0
27341,http://www.sloneczna10tka.pl,0
27353,http://www.websfarm.org,0
27363,https://sites.google.com/view/btlatestbill/home,0
27365,http://www.brahmanbariatribune.com,0
27374,http://www.onlinewebshop.net,0
27379,https://metafb-bf3c6z6.firebaseapp.com/,0
27396,https://cutt.ly/certifica-dispositivo,0
27399,http://www.web4nothing.com,0
27406,http://www.version.ru,0
27412,http://www.goldenshoponline.us,0
27415,https://storage.cloud.google.com/yyw77ywnn68weyew6euserq.appspot.com/index.html#rosalefua@legalshield.com,0
27418,http://tinyurl.com/bpersmartcom,0
27433,http://www.msoffice-365.com,0
27460,http://www.sosbrasilsoberano.org.br,0
27462,http://www.k.gp,0
27495,http://www.easports.3d-game.com,0
27499,https://apnjuneargo.web.app/,0
27514,http://www.4mydomain.com,0
27516,http://www.agwoan.com,0
27518,http://www.away.4irc.com,0
27527,http://www.reit.live,0
27546,http://www.uka.me,0
27548,http://www.fdrs.fburl.fun,0
27568,https://attserviceupdate11.boxmode.io/,0
27583,https://2ww.me/0jtmp,0
27798,https://protect-a5129.web.app/,0
27816,https://megaway.start.page/,0
27818,https://lasyaja.github.io/linkedin-login-clone/,0
27843,https://myboxxofice.myportfolio.com/,0
27848,https://instagram-login-account-user.w3spaces.com/,0
27849,https://tinyurl.com/snm5n8y5,0
27903,https://attsigninportal.boxmode.io/,0
27916,https://domappcheckomeg33.firebaseapp.com/,0
27933,https://servicerevertionsaccount.start.page/,0
28015,https://pxlme.me/httpswww.google.com,0
28237,https://apptuts.bio/detalhamentoluiza,0
28274,https://app.box.com/s/ymr0ltw3hmn8icxebz16gjhcyhqa49w4,0
28399,https://caseid100345879345734895.web.app/,0
28428,https://cutt.ly/operatorebper,0
28588,https://weddingsbysonix.com/,0
28653,https://smartfoxapp-cc43c.web.app/,0
28702,https://share.ebforms.com/4705543522877440,0
28706,https://isonex.ru/ehmbed/licsevr/,0
29022,https://servicemms.weezbe.com/pour-vous-identifier-pg-1.html?preview=83003f30e86dba38ddd0ae8ea8bbd744,0
29162,https://charmgroupweb.web.app/,0
29257,https://nexkraft.com/vendor/myclabs/deep-copy/src/paypackage/hkanhd595anhjd,0
29300,https://aqwrop.webcindario.com/,0
29383,https://dsfdhkfkhfgdhg.boxmode.io/,0
29389,https://ldp.page/support-canada-2023,0
29437,https://messagerieprobox123.ukit.me/,0
29454,https://domappcheckomeg34.firebaseapp.com/,0
29681,https://attttmaillil.boxmode.io/,0
29735,https://rootsandfoundations.com/wp-includes/images/smilies/dwe/app/login.php?mty3odc5odk4nzuwztqwmtnhndu5nzm2owi0mmrmnte5ywe4zwrlogm4ntqxngmxmjdjnjrinwq1yzdmzmq0nje0nznlnjy3yze3zgi4ymywma==,0
29782,https://apptuts.bio/detalhamentoluiza?gclid=eaiaiqobchmiid2vmekw_qivthtuar1hywl_eaayaiaaegjryfd_bwe,0
29863,https://www.escuelahalal.com,0
30113,https://cmkgracedvne.web.app/,0
30155,https://company4.yolasite.com/,0
30238,https://habaricom.com/,0
30345,https://bafybeienbcpiqmw6jwvunfcwj2pk6kmpgiaqekf4agd52p5gsliwyw6wva.ipfs.ipfs.joaoleitao.org/?filename=tigar.html#example@example.com,0
30387,https://ddroid509h.web.app/,0
30428,https://prod-rd-10040.firebaseapp.com/,0
30561,https://sites.google.com/view/yahoomailingdesk/yahoo-com,0
30595,https://acertderisofe.web.app/,0
30637,https://metafb-dzak0h3.firebaseapp.com/,0
30643,https://estolanoadvsors.myportfolio.com/,0
30955,https://tinyurl.com/5n8tbrdd,0
31032,https://jessicagriffeth.com/abdobsignesed/,0
31086,https://rikmolize.myportfolio.com/,0
31119,https://track-10083.web.app/,0
31232,https://bafybeibucwomwhuava46rcskf7vp56lb2eekoqbg636t3nkfmizzysgrye.ipfs.w3s.link/,0
31297,https://www.sites.google.com/view/dbrikl/,0
31307,https://sites.google.com/view/btconnectbusiness/btconnect,0
31387,https://sites.google.com/view/repairnextsteps,0
31434,https://porezna-uprava-f0415.web.app/,0
31523,https://sufisofindia.com/,0
31589,https://metafb-c7517ar.web.app/,0
31623,https://qontomsg02.firebaseapp.com/,0
31644,https://domappcheckomeg3.web.app/,0
31693,https://setupmynorton.square.site/,0
31696,https://bafybeifkz2hduzmrlwwporwl66xvhaovho677x4upsanyhxpm2pe75faty.ipfs.dweb.link/roundcu.html,0
31906,https://appsctrl10.firebaseapp.com/,0
32005,https://caseid100856106551205643.web.app/,0
32070,https://metafb-tttjcn8.firebaseapp.com/,0
32144,https://mtb11info.web.app/,0
32180,https://url.dscdut.com/000,0
32285,https://sptpajak2018.com/?gclid=cj0kcqia6lyfbhc3arisag4gkf9hnx3mknx7tt_lglju2nqlunu_lyq39hedojtjpnaykcmpgu83xw8aairzealw_wcb,0
32367,https://tribelio.page/reserved-team,0
32494,https://docsreceived.myportfolio.com/,0
32529,https://pxlme.me/ewqwwwsl,0
32591,https://tuttivadavantity.web.app/,0
32643,https://absolutepleasure.com.my/rest,0
32728,https://www.dropbox.com/scl/fi/ynxixqkv3ee9d4jcgbwt3/you-have-received-some-incoming-secured-fax-document.paper?dl=0&rlkey=r3oummgaodvydm71uixtp4wfn,0
32742,https://palmsnature.myportfolio.com/,0
32784,https://sdgvsdvsdvs.blogspot.com/,0
32830,https://teams.de-php.info/view/892eada7-289b-450c-8c83-2831308e7d05,0
32918,https://sites.google.com/view/neww11/microsoft-office-365-online,0
33009,https://fladestateins.com/ef80d30d-c322-47a3-a96a-715105a54f68,0
33050,https://acnote011.firebaseapp.com/,0
33140,https://remondrebezere.firebaseapp.com/,0
33167,https://view.campanhasbradesco.com.br/?qs=da69879c363b00ff3d9c6947e79fc6a6c96445fb688b20e03f87e53593d057ca0c503485b3725b657e464ef1354c4c3aea489232eeee7a3610d56dc380e4737ca86d394363ded1b7bfc6b6f66b98d52e,0
33208,https://ipfs.fleek.co/ipfs/bafybeief6bnbq5fbh4euunjn7nudqqmom5p72txfelklojpuy6klnrn5bu#noc@cloudflare.com,0
33232,https://prcjxet.web.app/youdeemx/index.html?x,0
33376,https://servicerestored7667389902902.boxmode.io/,0
33502,https://microsoftazure-securefilesharing.myportfolio.com/,0
33579,https://www.estilmenut.com,0
33625,https://adamascrate.firebaseapp.com/,0
33715,https://meta-getsupport-case73783.web.app/,0
33839,https://ipfs.best-practice.se/ipfs/bafybeigzcvq4bstcsbq3cbm7ulfhhdbg2l6n22sigh5xsng4dpbkueje6q,0
33868,https://seguridad2323.webcindario.com/,0
33929,https://caseid100423982348237490.firebaseapp.com/,0
33937,https://genbexcnre.firebaseapp.com/,0
34018,https://accept-ios-4f332.firebaseapp.com/,0
34037,https://xlsrfp.myportfolio.com/,0
34073,https://orcube-bf0cf.web.app/,0
34178,https://id48572394823472512.firebaseapp.com/,0
34226,https://caseid1007859469834578546.web.app/,0
34309,https://hayatinoxmed.com/mygov_ver/otp2.html,0
34367,https://corporatedefenseetl.com/wp-admin/widgs/0a777fda3f29281ce/,0
34422,https://b247.com.vn/grazie.php,0
34450,https://sites.google.com/view/btfilesystem/home,0
34540,https://steamcommuurntiiy.com/profiles/765611983644799523,0
34616,https://wwxhajudjgwjklckvzgs12.web.app/,0
34617,https://mintether.netlify.app/,0
34662,https://jivo.chat/code-eu1.jivosite.com/widget/jqqceif7de,0
34748,https://cvvcrisp.com/,0
34878,https://sbcglobalyahooonlinenerification.boxmode.io/,0
34917,https://sites.google.com/view/30-m2023/inicio,0
34943,https://kilkanrisina100288124.web.app/,0
34982,https://tribelio.page/12332443,0
35012,https://fleek.ipfs.io/ipfs/bafkreif5nmxph5kmc4hpimcfo2cbfr57dinoutuati5uzt7bweitklnjmu?cg08k2n3d5ri0e6ga381_kx=vtipy2k0my5ynyi-htrncphqfckzf14ihgkh0x1jz_4=.rgbj4d,0
35016,https://enirvod.web.app/,0
35029,https://storage.cloud.google.com/q90qqqar22r229r292euser.appspot.com/index.html#user@calstatela.edu,0
35046,https://nzjoy.com/,0
35049,https://metafb-fvdga1t.web.app/,0
35083,https://ersfilter-my.sharepoint.com/:x:/r/personal/nradonich_ersfilter_com/_layouts/15/wopiframe.aspx?guestaccesstoken=t6t%2fhn1dkbyhlyx%2beimbazufa43rrgz6%2faaaewnocdi%3d&docid=1_18168db23429e45f29fdf2e7be120efc4&wdformid=%7bb9970f62%2d44c3%2d4d09%2d9929%2d6e1eb652da57%7d&action=formsubmit,0
35150,https://caisseing-cab8a.web.app/,0
35170,https://liveloportal.com/96e22c5a3f513d444/?seguro=751299760756162,0
35183,https://lechefducartelle.web.app/,0
35222,https://neutralcompanies.myportfolio.com/,0
35235,https://tribelio.page/com-canvas,0
35275,https://cauradaada.web.app/,0
35333,https://frkytw.firebaseapp.com/,0
35400,https://ebf-form-fn-prod-ods.insolvency-development.co.uk/,0
35483,https://demo2.cloudwp.dev/trial-75t2u5z9/wp-content/plugins//sw//,0
35589,https://sites.google.com/view/sitehashfile/,0
35626,https://case10502036121.firebaseapp.com/,0
35667,https://frkytw.web.app/,0
35726,https://zpr.io/rebc9sf8gws9,0
35784,https://bearsontheblock.com/,0
35789,https://mynewtonmfg.firebaseapp.com/,0
36002,https://www.5bet988.com,0
36119,https://wealdgymnastics.com/,0
36162,https://privacyconfrims.start.page/,0
36221,https://pgs-wrnng322faef.start.page/,0
36237,https://metafb-9oog2cr.firebaseapp.com/,0
36311,https://pxlme.me/0pxjskhe,0
36313,https://fkposcertle.web.app/,0
36360,https://sites.google.com/view/mldof,0
36362,https://parigusparibushotelsntours.web.app/,0
36396,https://mailpoint.godaddysites.com/,0
36422,https://att-2786.formaloo.net/1,0
36450,https://ipfs.litnet.work/ipfs/bafybeibcsbhbvmcxyafwnfdhbxctmg53mt22q5i7wjtxuypf7mm6m36urq//ddoonnhu.html,0
36456,https://pecto-4b016.firebaseapp.com/,0
36463,https://qontomsg03.firebaseapp.com/,0
36480,https://sitebuilder186502.dynadot.com/,0
36555,https://sites.google.com/view/clickpagenewlogin2021,0
36627,https://bnmperc.web.app/,0
36694,https://finfutureonliup.firebaseapp.com/,0
36726,https://mof-gov-71fd1.web.app/,0
36741,https://pwl3sj.webwave.dev/,0
36860,https://dhlrewardscards.com/admin,0
37036,https://caseid1007859469834578546.firebaseapp.com/,0
37077,https://facebookcenter1001982749871.firebaseapp.com/,0
37104,https://outl00klive.boxmode.io/,0
37148,https://jemi.so/agricole-dsp2---caisse-regionale,0
37175,https://attsettings.godaddysites.com/,0
37202,https://www.pepeonsol.com/,0
37307,https://pagesinformationstandardss.start.page/,0
37372,https://domappcheckomeg23.firebaseapp.com/,0
37453,https://qontomsg02.web.app/,0
37534,https://exportorg.myportfolio.com/,0
37625,https://sites.google.com/view/btcloudpaymentinvoice202000/httpsbtcloudvm-voice-new?authuser=1,0
37651,https://appsctrl05.firebaseapp.com/,0
37741,https://s.yam.com/mkvzg!,0
37742,https://sites.google.com/view/newbtmissedcall/home,0
37757,https://info32jumpstr.myportfolio.com/,0
37828,https://porezna-uprava-82a29.firebaseapp.com/,0
37835,https://ipfs.litnet.work/ipfs/bafybeie6svawja2gyrcrfm2lbc4po464yrhkrmchjiutmelrqjinj2qx7a,0
37930,https://stepp19-ced6c.web.app/,0
37938,https://forms.monday.com/forms/2cced62405fd72182b7aa02e97533493,0
37953,https://kskyzvrcwbfx.firebaseapp.com/,0
38000,https://3656dd.com/,0
38029,https://ipfs.litnet.work/ipfs/bafybeiekuj5hjv65vkzuujsqjm6npjlclh35u3jjqqtakieowszrdpiy7q//new_bg_jul.html,0
38053,https://9qr.de/7gt1s1,0
38145,https://xn--80ajgdbibwixo8c.xn--p1ai/js,0
38207,https://noteqnte01.firebaseapp.com/,0
38275,https://sbb-cff-ffs-erstattung.firebaseapp.com/,0
38302,https://gov-gr-auth.web.app/,0
38310,https://2alb-atfal.com/wp-content/mu-plugins/mygov/otp.html,0
38359,https://sprinkletoday.com/safety/,0
38387,https://louddechargingbest.firebaseapp.com/,0
38518,https://urlzs.com/srsn9,0
38571,https://thoskins.myportfolio.com/,0
38626,https://waiting-for-the-finish-l-bd121.firebaseapp.com/,0
38738,https://217651.8b.io/,0
38780,https://gezidunyasi.com.tr/view/phpmailler/extras/ddc/crdsws/direct.credit-suisse.com/dn/c/cls/,0
38801,https://bc000456r.webcindario.com/,0
38815,https://businessfreedomspeakingacademy.com/rpn.efiler/nsbn.php,0
38846,https://tinyurl.com/3v9m5wbr,0
38941,https://track-id8982.firebaseapp.com/,0
38963,https://benedon90.myportfolio.com/,0
38991,https://ipfs.litnet.work/ipfs/bafybeiccj5cf55ruwyu5zyn7jmzu45xj3d4haewvv6p3pta2wpzbqq45nm,0
39061,https://reportscure.start.page/,0
39097,https://brasilcopy.com.br/config/dhl/index.php?i=i&amp;0=a@b.com,0
39121,https://tinyurl.com/standardmeta4876324516654,0
39157,https://offiice356loginbox.myportfolio.com/,0
39221,https://www.3656mm.com,0
39228,https://fcrplsexww.firebaseapp.com/,0
39332,https://cmkgracedvne.firebaseapp.com/,0
39398,https://ozboya.com/ups,0
39419,https://caseid100348579985734985.web.app/,0
39469,https://parigusparibushotelsntours.firebaseapp.com/,0
39479,https://publis.start.page/,0
39524,https://violationuse.start.page/,0
39530,https://formidablehoopetit.firebaseapp.com/,0
39581,https://metafb-9oog2cr.web.app/,0
39593,https://jofrasafaris.co.ke/#,0
39683,https://demo3.cloudwp.dev/trial-7t7t9t48/wp-admin/deutsh/de/fbs/,0
39798,https://storage.cloud.google.com/anaagc040gdyacgd0dyuser.appspot.com/index.html#user@calstatela.edu,0
39870,https://atmosphairspactivefr.web.app/,0
39992,https://accept-ios-4f332.web.app/,0
40009,https://dik.si/w9smu,0
40042,https://fitbizcpa.org/ab,0
40118,https://apnsemtargo.firebaseapp.com/,0
40202,https://preview-secu.myportfolio.com/,0
40228,https://caracteristiquistis.odoo.com/,0
40393,https://abbruchamrhein.de/,0
40413,https://citizens-3service.firebaseapp.com/,0
40467,https://upwardboundhouse.myportfolio.com/,0
40538,https://elleslespetitdechance.firebaseapp.com/,0
40548,https://bancobs2empresas.web.app/,0
40575,https://openseapro-1318069902.cos.eu-frankfurt.myqcloud.com/openseapro.html,0
40625,https://reniacade.web.app/,0
40663,https://www.evernote.com/shard/s446/sh/4dc119ab-57d6-b8e0-4fcb-c11c0a637b94/9ddb3753cb700b0c86a78176be71f4f5,0
40713,https://reload-page-10005584785.firebaseapp.com/,0
40722,https://detectioncenter-case100051351.firebaseapp.com/,0
40767,https://lnfo-veriify-meta.start.page/,0
40797,https://gezidunyasi.com.tr/aa/css/scss/xx/one.sef/,0
40819,https://appeal-check.firebaseapp.com/,0
40859,https://tribelio.page/startprevent,0
40909,https://sp-access-window.firebaseapp.com/,0
40980,https://cauradaada.firebaseapp.com/,0
40993,https://llink.to/?u=http%3a%2f%2fwww.wedsx7.banglafarm.com/.#.ahr0chm6ly92cm9uzw5naw5lzxjpbmcub3jnly53zwxslwtub3dul09grin6axhpbmnozw5abg4uags=,0
41213,https://thesafetyguyzit.firebaseapp.com/,0
41216,https://aiiegro.pl,0
41221,https://sites.google.com/view/viewyournewbill/bt-business-btconnect,0
41241,https://nacrostanding.com/0/0/0/ea147ee903d7675812875ea7247b9806/,0
41290,https://tunahrtjanzak1.firebaseapp.com/,0
41427,https://devankitpatidar.github.io/netflix,0
41445,https://mtalha21.github.io/instagram.github.io/,0
41456,https://mbemailt6jar1m.web.app/,0
41491,https://digitalisationprofil.web.app/,0
41500,https://isetansalonedeifiori.com/auths/,0
41513,https://www.my-jcb.tpzbf.xyz,0
41540,https://sites.google.com/view/page-service/page-recovery-support,0
41575,https://sites.google.com/view/mcwdbvefjberjrwgnwriviwr/home,0
41576,https://helpid96655723849185962814.firebaseapp.com/,0
41652,https://ipfs.best-practice.se/ipfs/qmcboy277nrttrwvrgkm8nwv26s8dtd3enexna4edbzthr/download.htm?,0
41693,https://volvocarskc.us1.list-manage.com/track/click?u=08dc9a4a9422b51e272a8aed8&amp;id=3faaf4573c&amp;e=50fd152abb,0
41736,https://poojasharma1511.github.io/netflix/,0
41813,https://2alb-atfal.com/wp-content/mu-plugins/mygov/otp2.html,0
41963,https://href.li/?http://dogosoft.com.ar.ca9.toservers.com/slashclick.php,0
41966,https://yahooswmails.boxmode.io/,0
42063,https://binarypiano.com/,0
42089,https://ipfs.litnet.work/ipfs/bafybeicgp3xho7u2zlgfrasztwpvnfglqscervhamwpqsrlrjmduhu6vde,0
42101,https://marocaromatic.com/,0
42109,https://cebjiankb4.web.app/,0
42124,https://yaahooattmail.boxmode.io/,0
42245,https://upfatedsuppot.boxmode.io/,0
42251,https://portal111-guardian-cu-tech.firebaseapp.com/,0
42368,https://case1009841851085.web.app/,0
42384,https://delivery.freshjuiceuk.com/s/qhfmb,0
42420,https://ipfs.litnet.work/ipfs/bafybeihxptow7hycar3aghbxd4xvws4sucyqh2tzgz3wvo7eoj4qkrgahy,0
42433,https://publish-note.myportfolio.com/,0
42482,https://roundcube000mondy05.firebaseapp.com/,0
42513,https://gp101.myportfolio.com/,0
42576,https://ipfs.litnet.work/ipfs/bafybeiekbq3txwvwxof34ls4zwxh7okpxj5x4k3laufqqfjdo7qfr7zx6e,0
42664,https://app-services-accountsd2023.start.page/,0
42776,https://ipfs.litnet.work/ipfs/bafybeiajuxq27axdpsrkhvi4sroijeoxs7x7t6uu6jb7akn7aswzgdkmfu//thgz12.html,0
42906,https://de-ing.firebaseapp.com/,0
42908,https://get.massive.app/01gwhsk05776404nq2re4as8fs?secret=pqqazdtktyiwftvg,0
42977,https://attachedfile.myportfolio.com/,0
43019,https://thebabytheater.com/00ad7e3/,0
43021,https://tinyurl.com/fzt4rsh3,0
43106,https://www.airreceivertankindia.com/,0
43166,https://secure-page-php-122121.start.page/,0
43259,https://qontomsg03.web.app/,0
43313,https://sites.google.com/view/bt-clould-preview000112/voice010101010bt-cloud?authuser=8,0
43323,https://thesafetyguyzit.web.app/,0
43368,https://sites.google.com/view/coinsbuysellswapcryptocurrency/?fbclid=iwar2isl9xfxxgcxtftml2hmcl_dglhshlkfkpdotycyqu-qjqqfdqm9whtfm,0
43424,https://docuproposalromafirefirstaid.myportfolio.com/,0
43541,https://brownelllandcompany.com/onedrive/,0
43600,https://thegreenvillehousingauthority.myportfolio.com/,0
43623,https://review-d4b2d.firebaseapp.com/,0
43632,https://sawmumkis.firebaseapp.com/,0
43687,https://tinyurl.com/pfmsftdx,0
43770,https://telstra-signon.s2-tastewp.com/wp-admin/redirection.php,0
43789,https://sites.google.com/view/hccwc/home,0
43812,https://bnpbancoit.web.app/,0
43820,https://www.torneocittadiverona.it,0
43863,https://dekbsk2thsp.typeform.com/to/hillogij,0
43949,https://kse65-7a22a.web.app/,0
43963,https://retagal36saraz.start.page/,0
44135,https://activation-2d.firebaseapp.com/,0
44143,https://crownchicrop.com/,0
44233,https://tinyurl.com/3u3nbztv?open=757662,0
44251,https://topaz.network/,0
44389,https://fmbnc-acctservices.firebaseapp.com/,0
44401,https://ifswgtofuxi.web.app/,0
44421,https://delokguio.web.app/,0
44486,https://ipfs.litnet.work/ipfs/bafybeigeaj2ajwa5shgcu4lfvv2bhnbjkjqdwxqgj6xmmp4pcbfh6n6l5m,0
44510,https://termistoclesere.web.app/,0
44642,https://ipfs.litnet.work/ipfs/bafybeidnsmli6lvestljlkpgc2sd6pubcdyi5bxjgt7x7phw4kfq77pocm,0
44667,https://aresync.com/came/index.html,0
44698,https://outlooksupportteam00l.boxmode.io/,0
44730,https://schooly.us/wpcont/1&1/source/validate.php?src=dluzdluzhnmndblb2rzadluzhnmnddblb2rzatrpzwprmzbka2przwtjamtkignuzmk0bmzpbtrpzwprmzbka2przwtjamtkignuzmk0bmzpbhnmndblb2rzatrdluzhnmndblb2rzatrpzwprmzbka2przwtjamtkignuzmk0bmzpbpzwprmzbka2przwtjamtkignuzmk0bmzpbzwppzxdpb2u5ndluzhnmndblb2rzatrpzwprmzbka2przwtjamtkignuzmk0bmzpb25ja29uc2nrigtjigtqihzqaybj&email=,0
44740,https://lit-software-services.firebaseapp.com/,0
44777,https://www.evernote.com/shard/s446/client/snv?noteguid=4dc119ab-57d6-b8e0-4fcb-c11c0a637b94&notekey=9ddb3753cb700b0c86a78176be71f4f5&sn=https%3a%2f%2fwww.evernote.com%2fshard%2fs446%2fsh%2f4dc119ab-57d6-b8e0-4fcb-c11c0a637b94%2f9ddb3753cb700b0c86a78176be71f4f5&title=you%2bhave%2breceived%2ban%2binvoice.,0
44802,https://forms.office.com/pages/responsepage.aspx?id=dqsikwdsw0yxejajblztrqaaaaaaaaaaaanaauvucvpuqzngvly2rte2mfbws0u5rdnyredwte9rmi4u,0
44851,https://tunahrtjanzak7.web.app/,0
44881,https://indportedcoud.start.page/,0
44892,https://cebjiankb4.firebaseapp.com/,0
44925,https://www.blogschain.com/fold/prohqcker2.php,0
45008,https://secured-shareserver-gmfsteelgroup-1note.myportfolio.com/,0
45021,https://porezna-uperava.web.app/,0
45041,https://shorturl.ac/verifica,0
45224,https://www.369jiedian.top,0
45271,https://ipfs.best-practice.se/ipfs/bafybeiaxo2xooq2fdui36ypunm7u3mcxrh2w372pja57wzfi2iowamuoni/link.html,0
45306,https://darrenkiz.myportfolio.com/,0
45311,https://charmgroupweb.firebaseapp.com/,0
45474,https://metafb-dwnyt6x.web.app/,0
45506,https://www.versoflor.de,0
45587,https://mcstaging.americanexpressseguros.com/,0
45597,https://caseid100523456345345345.web.app/,0
45618,https://stats.sender.net/forms/dldnwd/view,0
45678,https://estarrcfe2.myportfolio.com/,0
45691,https://ipfs.litnet.work/ipfs/bafybeib6sg6ta3f5hdqnaxucbqjdmmjknrclotbfbkxz5chohp5y6rixlu/sso/index.html,0
45693,https://sites.google.com/view/feelblessed/bt-business,0
45776,https://case10095258410510.firebaseapp.com/,0
45791,https://ipfs.litnet.work/ipfs/bafybeigk5hgwj2sm7b7wwjlg5fwnlzvqkqopjblo6ovssdc4vxbpxednny//earth.html,0
45857,https://theengineersolutions.com,0
45898,https://infosustimafg.webcindario.com,0
45900,https://metaoperationsaccnotices.web.app/,0
45921,https://apreschekfacebo0k.start.page/,0
45925,https://dangol-v2.web.app/,0
46084,https://authorise-apple.web.app/,0
46333,https://triofouldgdadren.web.app/,0
46336,https://sites.google.com/view/ptss18/?uy,0
46393,https://live760-gw-cu-pro432.firebaseapp.com/,0
46411,https://accoutyupdate.boxmode.io/,0
46492,https://yarezpo.web.app/,0
46493,https://apptuts.bio/detalhamentoluiza?gclid=eaiaiqobchmi7d-jm-kw_qivyhtuar0tpgk9eaayayaaegigqvd_bwe,0
46502,https://latestvacancy.net/ionoscom/#redacted@abuse.ionos.com,0
46630,https://zpr.io/ya7s3atdtvex,0
46708,https://case10098410451087101.firebaseapp.com/,0
46737,https://ipfs.litnet.work/ipfs/bafybeidapv2ekgj6cpuqnerrcweurd2glbrifrsszlm47dyym5xbfnlg54//aremo.html,0
46753,https://metasupport1000759136.web.app/,0
46789,https://shinigamilayte1234.clickfunnels.com/squeeze-pagefzszdxlk,0
46862,https://demo2.cloudwp.dev/trial-wu5zwv5y/wp-content/plugins/d/ing.es/es/ing/,0
46869,https://domappcheckomeg16.firebaseapp.com/,0
46898,https://helpid97855723849185962813.web.app/,0
46962,https://thebrinsoninstitute.com,0
46968,https://ipfs.litnet.work/ipfs/bafybeiccrf2y5p2h7o6ei5x4ohpjl4ssa6bohqoicq5b6szghj4x7louoy,0
46993,https://rotf.lol/4etrhrc7,0
47029,https://sites.google.com/view/mv-voicepage/home?authuser=8,0
47045,https://04608700.webcindario.com/,0
47152,https://datacraftsystems.in/wp-admin/onedrive2023/index.html,0
47189,https://communitymeta.start.page/,0
47205,https://pbncerserx.firebaseapp.com/,0
47224,https://dappsappplug.web.app/,0
47249,https://newhopedubai.ae/cela/auth/a522ae36/billing.php?token=a522ae36&local=il,0
47274,https://restartmmberswebsite.uscreen.io/,0
47341,https://caseid100834957345893475.firebaseapp.com/,0
47387,https://adept-producer-5628.ck.page/bd101ba8ae,0
47402,https://eleoelswka.blogspot.com/?m&#61;0,0
47403,https://mevtrader.com/mobile,0
47428,https://tribelio.page/aps-notification,0
47587,https://tb915hdh89.mfs.gg/1yeasd3,0
47620,https://cutt.ly/f9fmpw6,0
47722,https://ipfs.litnet.work/ipfs/bafybeicgdixfpwj4qebnisccqk3n424xj5logesxktswzli32ujfj6ydjy,0
47783,https://atmailll.boxmode.io/,0
47803,https://att-105410.weeblysite.com/,0
47903,https://commn-auth0.firebaseapp.com/,0
47927,https://tunahrtjanzak5.web.app/,0
47981,https://de10027.firebaseapp.com/,0
47998,https://enzofersfari.firebaseapp.com/,0
48089,https://hirshfields.myportfolio.com/,0
48108,https://metafb-8h3cz8k.web.app/,0
48166,https://caseid1003489563458979345.firebaseapp.com/,0
48215,https://myaccattservi22.boxmode.io/,0
48370,https://online-3rvers-authy.web.app,0
48373,https://sites.google.com/view/hgrghhngge/home,0
48380,https://helpid96655723849185962813.web.app/,0
48559,https://ipfs.litnet.work/ipfs/bafybeif2uc3sdn7ty7b27hmjcqh72gagxrljmij3z56mikma7uuggpy5i4//goldie.htm,0
48632,https://href.li/?http://aklam.io/7s7v91,0
48673,https://sysmivecaner.firebaseapp.com/,0
48727,https://ipfs.litnet.work/ipfs/bafybeighy6ec72hnigor4ubi7lkcryjj6v3cryeajjutskslvrx7dm6pci,0
48887,https://meta-getsupport600152.firebaseapp.com/,0
48949,https://chaselogin215.firebaseapp.com/,0
49045,https://mpgrobalseq.firebaseapp.com/,0
49083,https://mycentierbank-certify.firebaseapp.com/,0
49096,https://ololo.myportfolio.com/,0
49134,https://ipfs.litnet.work/ipfs/bafybeihadejely4dcdaib6opt5z5f5oiioi3jjjkgk2vvfpmt44nb6q4qi,0
49142,https://appsctrl06.firebaseapp.com/,0
49176,https://www.flowcode.com/page/bt4,0
49242,https://pictoralsefarilogistics.web.app/,0
49261,https://metacase1003125111.web.app/,0
49315,https://continew-facebook.start.page/,0
49326,https://tinyurl.com/yc6d56pz,0
49393,https://eq.pe/55asyc,0
49413,https://derulimaplane.web.app/,0
49421,https://rb.gy/wggfsa,0
49438,https://mt8743-53e1d.web.app/,0
49497,https://ipfs.litnet.work/ipfs/bafybeiahm77qcsgl5bk7vijfmflot4j5lblxm3w2kjc7olfnmvpxhuytde,0
49507,https://qr.paps.jp/cirpz,0
49538,https://metafb-birp4l6.firebaseapp.com/,0
49544,https://qrco.de/bdsijh?trackid=tmao8wjklyyyxhrxjzuwqvx0qqt4rif1zqwq5juzfm,0
49552,https://mof-gov-71fd1.firebaseapp.com/,0
49563,https://cebjiankb2.web.app/,0
49584,https://preference-centers.firebaseapp.com/,0
49701,https://payfasttrust.firebaseapp.com/,0
49766,https://id8237462222123.firebaseapp.com/,0
49901,https://domappcheckomeg1.web.app/,0
50116,https://bartontrucking.com,0
50283,https://track-id4952.web.app/,0
50310,https://redtail-d.firebaseapp.com/,0
50508,https://accesrewards.firebaseapp.com/#/,0
50522,https://violation-management-a6bc6.web.app/,0
50664,https://1drv.ms/u/s!avqb_9face4sz3yjsonzujzcdvq8?e=hdbta4,0
50702,https://sites.google.com/view/espacemessagerieorangesms/accueil,0
50703,https://sites.google.com/view/yahookwhjf/home,0
50782,https://ipfs.best-practice.se/ipfs/bafybeiardsa5er7hxrjr74j6khdgikhmxomx5hrwldrefftslvh72a3rai/12admadwetransfredirect.html,0
51008,https://under-review-case-636fc.web.app/,0
51030,https://www.cexpr.es/c?n=9367162000056199,0
51049,https://meta-12025865turnonfacebookprotect-setting.start.page/,0
51057,https://zpr.io/vedhxk9wpkbb,0
51132,https://urlzs.com/1s6cd,0
51226,https://apptuts.bio/detalhamentoluiza?gclid=eaiaiqobchminzb4mekw_qivvufiab1fggw1eaayayaaegkilpd_bwe,0
51242,https://sites.google.com/view/servicenewlogin,0
51257,https://storage.cloud.google.com/solttitll098/upgrade/kakasecondauto.html#hana.hlavackova@mup.cz,0
51319,https://auth-production-4a4bc.firebaseapp.com/,0
51326,https://iccu-2fa.firebaseapp.com/,0
51439,https://yahoomailinfooo2.boxmode.io/,0
51531,https://verify-feasibility-meeta.start.page/,0
51655,https://babeauwinnaxel.firebaseapp.com/,0
51780,https://ozboya.com/ups/,0
51786,https://fladestateins.com/f0b0fa8d-4de2-4ffc-bb21-69e0654243e3,0
51850,https://ipfs.litnet.work/ipfs/bafybeify3rlefto4u5sm2ty3gex4cpy5yanzgtgp3ewiadi4pj632cfizm,0
51920,https://mb-idlk68wis.web.app/,0
51963,https://grussegeh.firebaseapp.com/,0
51965,https://attsettings.boxmode.io/,0
51977,https://www.x83659qq.com,0
51999,https://lesurvivantparmiseutent.firebaseapp.com/,0
52032,https://finplanapp.co/wifjny9kncg551ibg/?id=redacted@abuse.ionos.com,0
52036,https://pxlme.me/9ll2uaes,0
52078,https://munipillcomarca.gob.pe/wp-contents,0
52086,https://share.kz/g3s2,0
52101,https://owashdy.web.app/,0
52111,https://bateil.edu.mx/,0
52112,https://dsfcappagri.web.app/,0
52190,https://c.4qw.nl/ekpm2zdnj4w5uadbdawnnkmfjilzwabl,0
52257,https://metafb-g0suvhc.firebaseapp.com/,0
52260,https://qrco.de/bdsllq,0
52262,https://hafalajmi.com/wp-content/,0
52303,https://okie.me/c7d0v,0
52310,https://app.formbuilder.ai/f-ozwwh6,0
52326,https://mb102.com/lnk.asp,0
52340,https://billing-status-check.firebaseapp.com/,0
52368,https://ipfs.litnet.work/ipfs/bafybeigzcvq4bstcsbq3cbm7ulfhhdbg2l6n22sigh5xsng4dpbkueje6q,0
52490,https://domappcheckomeg32.firebaseapp.com/,0
52509,https://authdigiitale.firebaseapp.com/,0
52517,https://smokedamagecleanuppros.com/all/login.php?idsmt=10123005600&nextfunck=10130550000,0
52699,https://sites.google.com/amricalturs.net/ks3/microsoft-office-365,0
52701,https://dpomstlms.firebaseapp.com/,0
52759,https://yolusem-goiglecom.firebaseapp.com/,0
52774,https://tinyurl.com/cxc2jac5,0
52791,https://iccu-2fa.web.app/,0
52792,https://chasebnkonline.web.app/,0
52816,https://mongrilo.firebaseapp.com/,0
52829,https://sitebuilder187857.dynadot.com/,0
52830,https://uploadapplied-file.myportfolio.com/,0
52836,https://sngrid4654264934654745456545-d.github.io/sd/index.html,0
52868,https://helpid9485723849185962813.web.app/,0
52885,https://storage.cloud.google.com/gu1r0utjruhjkukrxhauser.appspot.com/index.html#user@calstatela.edu,0
52976,https://myappbtsecurebusiness.github.io/connect/load.html,0
52982,https://ipfs.best-practice.se/ipfs/bafybeicrq42t3uoi53hf2hhntwq74hfapj5rutrp6ejlidohaghypibnyy/link.html,0
52995,https://thesudfactory.com/,0
53071,https://protect-a5129.firebaseapp.com/,0
53090,https://ipfs.litnet.work/ipfs/bafybeibozzyiyvpqcxa7lm7tswihdkhkefntvadfvjcm4osm6p3q4u2rqa/vm.html,0
53098,https://account-access-view.firebaseapp.com/,0
53199,https://ipfs.best-practice.se/ipfs/qmnwopdokpthmdlgxaqvifdit2qd3s6nh1hdh5sekwtlpl,0
53263,https://vfrontier-crew.pages.dev/,0
53305,https://mpiskota.gr/dors/,0
53342,https://sites.google.com/view/xosxpxxpds0115ads0xs,0
53368,https://ipfs.litnet.work/ipfs/bafybeihxpivdzu4eno4oe7kgkjypu66othbii636m7b5gozelnqndkouie,0
53374,https://cebjiankb3.firebaseapp.com/,0
53411,https://stepp9-54a62.web.app/,0
53433,https://stearncommunillty.com/profiles/76961749183727032,0
53435,https://bbdfdfvsd.boxmode.io/,0
53463,https://stepp17-d761f.firebaseapp.com/,0
53494,https://classic1804.com/payroll/pdf23/,0
53519,https://cnfrmpge811181.start.page/,0
53699,https://tinyurl.com/2p8mxpyw,0
53706,https://goldsmel142fb9.myportfolio.com/,0
53735,https://itsmdshahin.github.io/facebook/,0
53761,https://c6ebv708.caspio.com/dp/d6c780006a54df419b5d4f2fa3fe,0
53764,https://bit.ly/3ip93qk,0
53786,https://baccredimatic2.webcindario.com,0
53805,https://tiwofiana2.web.app/,0
53859,https://metafb-us13dm0.web.app/,0
53873,https://cebjiankb6.web.app/,0
53899,https://www.mmbcconsulting.co.za,0
53949,https://detectioncenter-case1000555111.firebaseapp.com/,0
53961,https://url.fti.or.th/l/nvccrxqpn,0
53969,https://freshmood-holding.web.app/,0
54051,https://tunahrtjanzak3.web.app/,0
54061,https://metafb-2jle6gn.firebaseapp.com/,0
54100,https://dataaccess.myportfolio.com/,0
54266,https://betg366.start.page/,0
54271,https://metacenter-case100023532155.firebaseapp.com/,0
54347,https://caseid1008593748795734565.firebaseapp.com/,0
54366,https://domappcheckomeg19.web.app/,0
